Persistent Link,State,Title,LCCN,OCLC,ISSN,No. of Issues,First Issue Date,Last Issue Date,More Info
https://chroniclingamerica.loc.gov/lccn/sn84020151/issues/,Alabama,"Huntsville gazette. [volume] (Huntsville, Ala.) 1879-1894",sn84020151,2710177,2575-1271,706,1881-06-18,1894-12-29,https://chroniclingamerica.loc.gov/lccn/sn84020151/essays/
https://chroniclingamerica.loc.gov/lccn/sn83025483/issues/,Alabama,"The Huntsville star. [volume] (Huntsville, Ala.) 1900-19??",sn83025483,9525997,,1,1900-01-26,1900-01-26,https://chroniclingamerica.loc.gov/lccn/sn83025483/essays/
https://chroniclingamerica.loc.gov/lccn/sn83025485/issues/,Alabama,"The Montgomery enterprise. [volume] (Montgomery, Ala.) 1898-1???",sn83025485,9526435,,1,1900-01-26,1900-01-26,https://chroniclingamerica.loc.gov/lccn/sn83025485/essays/
https://chroniclingamerica.loc.gov/lccn/sn83025484/issues/,Alabama,"Wide-awake. [volume] (Birmingham, Ala.) 189?-1906",sn83025484,9526349,,1,1900-01-24,1900-01-24,https://chroniclingamerica.loc.gov/lccn/sn83025484/essays/
https://chroniclingamerica.loc.gov/lccn/sn95060626/issues/,Arizona,"The Arizona gleam. [volume] (Phoenix, Ariz.) 1929-193?",sn95060626,33668826,2692-6881,106,1929-12-15,1937-11-26,https://chroniclingamerica.loc.gov/lccn/sn95060626/essays/
https://chroniclingamerica.loc.gov/lccn/sn84021917/issues/,Arizona,"Arizona sun. [volume] (Phoenix, Ariz.) 1942-196?",sn84021917,2701819,2692-692X,793,1944-07-07,1963-12-27,https://chroniclingamerica.loc.gov/lccn/sn84021917/essays/
https://chroniclingamerica.loc.gov/lccn/sn84021918/issues/,Arizona,"Arizona tribune. [volume] (Phoenix, Ariz.) 1958-197?",sn84021918,2712104,2692-6946,275,1958-07-25,1963-12-27,https://chroniclingamerica.loc.gov/lccn/sn84021918/essays/
https://chroniclingamerica.loc.gov/lccn/sn96060866/issues/,Arizona,"The Phoenix index. (Phoenix, Ariz.) 193?-19??",sn96060866,35591812,2692-7705,120,1939-08-12,1942-08-29,https://chroniclingamerica.loc.gov/lccn/sn96060866/essays/
https://chroniclingamerica.loc.gov/lccn/sn96060881/issues/,Arizona,"Phoenix tribune. [volume] (Phoenix, Ariz.) 1918-193?",sn96060881,35642959,2692-773X,284,1918-08-03,1931-03-01,https://chroniclingamerica.loc.gov/lccn/sn96060881/essays/
https://chroniclingamerica.loc.gov/lccn/sn83025496/issues/,Arkansas,"The American guide. [volume] (Little Rock, Ark.) 1889-1???",sn83025496,9529432,,1,1900-01-27,1900-01-27,https://chroniclingamerica.loc.gov/lccn/sn83025496/essays/
https://chroniclingamerica.loc.gov/lccn/sn83025492/issues/,Arkansas,"The Arkansas freeman. [volume] (Little Rock, Ark.) 1869-18??",sn83025492,9527477,,1,1869-10-05,1869-10-05,https://chroniclingamerica.loc.gov/lccn/sn83025492/essays/
https://chroniclingamerica.loc.gov/lccn/sn84025840/issues/,Arkansas,"Arkansas State press. [volume] (Little Rock, Ark.) 1941-1959",sn84025840,10434302,,893,1941-05-09,1959-10-30,https://chroniclingamerica.loc.gov/lccn/sn84025840/essays/
https://chroniclingamerica.loc.gov/lccn/sn84020671/issues/,Arkansas,"Pine Bluff weekly herald. [volume] (Pine Bluff, Ark.) 1900-19??",sn84020671,4054417,,1,1900-01-27,1900-01-27,https://chroniclingamerica.loc.gov/lccn/sn84020671/essays/
https://chroniclingamerica.loc.gov/lccn/sn83025486/issues/,Arkansas,"The reporter. [volume] (Helena, Ark.) 1891-1907",sn83025486,9526584,,1,1900-02-01,1900-02-01,https://chroniclingamerica.loc.gov/lccn/sn83025486/essays/
https://chroniclingamerica.loc.gov/lccn/sn83027101/issues/,California,"The elevator. [volume] (San Francisco, Calif.) 1865-1???",sn83027101,10106877,,1,1888-09-08,1888-09-08,https://chroniclingamerica.loc.gov/lccn/sn83027101/essays/
https://chroniclingamerica.loc.gov/lccn/sn83027099/issues/,California,"The Pacific appeal. [volume] (San Francisco, Cal.) 1862-188?",sn83027099,2265603,,1,1875-04-24,1875-04-24,https://chroniclingamerica.loc.gov/lccn/sn83027099/essays/
https://chroniclingamerica.loc.gov/lccn/sn84025838/issues/,California,"San Francisco vindicator. [volume] (San Francisco, Cal.) 1884-1???",sn84025838,10384695,,3,1888-11-17,1889-02-16,https://chroniclingamerica.loc.gov/lccn/sn84025838/essays/
https://chroniclingamerica.loc.gov/lccn/sn84025815/issues/,California,"The Western outlook. [volume] (San Francisco, Cal.) 1894-1928",sn84025815,10328990,,1,1900-01-27,1900-01-27,https://chroniclingamerica.loc.gov/lccn/sn84025815/essays/
https://chroniclingamerica.loc.gov/lccn/sn83025514/issues/,Colorado,"The Colorado statesman. [volume] (Denver, Colo.) 1895-1961",sn83025514,9541391,,1000,1900-01-27,1924-08-16,https://chroniclingamerica.loc.gov/lccn/sn83025514/essays/
https://chroniclingamerica.loc.gov/lccn/sn84025887/issues/,Colorado,"The Denver star. [volume] (Denver, Colo.) 1913-1963",sn84025887,10571156,2577-2376,291,1913-03-22,1918-10-26,https://chroniclingamerica.loc.gov/lccn/sn84025887/essays/
https://chroniclingamerica.loc.gov/lccn/sn91052312/issues/,Colorado,"Franklin's paper the Denver star. (Denver, Colo.) 1912-1913",sn91052312,23238228,2577-235X,17,1912-11-23,1913-03-15,https://chroniclingamerica.loc.gov/lccn/sn91052312/essays/
https://chroniclingamerica.loc.gov/lccn/sn91052311/issues/,Colorado,"Franklin's paper the statesman. (Denver, Colo.) 1906-1912",sn91052311,23238142,2577-2333,335,1906-06-08,1912-11-16,https://chroniclingamerica.loc.gov/lccn/sn91052311/essays/
https://chroniclingamerica.loc.gov/lccn/sn83025516/issues/,Colorado,"The statesman. [volume] (Denver, Colo.) 1889-1906",sn83025516,9542060,2577-2317,64,1900-01-27,1906-06-01,https://chroniclingamerica.loc.gov/lccn/sn83025516/essays/
https://chroniclingamerica.loc.gov/lccn/sn83025515/issues/,Colorado,"The Western enterprise. [volume] (Colorado Springs, Colo.) 1896-1912",sn83025515,9542002,,2,1900-01-06,1900-01-27,https://chroniclingamerica.loc.gov/lccn/sn83025515/essays/
https://chroniclingamerica.loc.gov/lccn/sn92051345/issues/,Connecticut,"Connecticut chronicle. (Hartford, Conn.) 194?-194?",sn92051345,26273329,2642-7109,1,1948-06-05,1948-06-05,https://chroniclingamerica.loc.gov/lccn/sn92051345/essays/
https://chroniclingamerica.loc.gov/lccn/sn92051342/issues/,Connecticut,"Hartford chronicle. (Hartford, Conn.) 194?-1947",sn92051342,26273304,2642-7125,55,1946-04-20,1947-05-03,https://chroniclingamerica.loc.gov/lccn/sn92051342/essays/
https://chroniclingamerica.loc.gov/lccn/sn92051343/issues/,Connecticut,"New England bulletin. (Hartford, Conn.) 1949-19??",sn92051343,26273342,2643-5004,16,1949-03-26,1949-07-09,https://chroniclingamerica.loc.gov/lccn/sn92051343/essays/
https://chroniclingamerica.loc.gov/lccn/sn86058063/issues/,Delaware,"The advance. [volume] (Wilmington, Del.) 1899-19??",sn86058063,13353313,2637-8205,1,1900-09-22,1900-09-22,https://chroniclingamerica.loc.gov/lccn/sn86058063/essays/
https://chroniclingamerica.loc.gov/lccn/sn84025890/issues/,District of Columbia,"The bee. [volume] (Washington, D.C.) 1882-1884",sn84025890,10587821,2157-3298,71,1882-06-10,1884-07-26,https://chroniclingamerica.loc.gov/lccn/sn84025890/essays/
https://chroniclingamerica.loc.gov/lccn/sn83027091/issues/,District of Columbia,"The colored American. [volume] (Washington, D.C.) 1893-19??",sn83027091,9948037,1940-7416,296,1894-08-11,1904-11-12,https://chroniclingamerica.loc.gov/lccn/sn83027091/essays/
https://chroniclingamerica.loc.gov/lccn/sn86053546/issues/,District of Columbia,"Daily national era. [volume] (Washington, D.C.) 1854-1854",sn86053546,4364562,2471-5328,185,1854-01-02,1854-08-05,https://chroniclingamerica.loc.gov/lccn/sn86053546/essays/
https://chroniclingamerica.loc.gov/lccn/sn84026752/issues/,District of Columbia,The national era. [volume] (Washington [D.C.]) 1847-1860,sn84026752,10642039,2471-5301,531,1850-01-03,1860-03-15,https://chroniclingamerica.loc.gov/lccn/sn84026752/essays/
https://chroniclingamerica.loc.gov/lccn/sn82015056/issues/,District of Columbia,"The national forum. [volume] (Washington, D.C.) 1910-19??",sn82015056,8797812,1940-7327,17,1910-05-28,1910-11-12,https://chroniclingamerica.loc.gov/lccn/sn82015056/essays/
https://chroniclingamerica.loc.gov/lccn/sn96027351/issues/,District of Columbia,"National savings bank. [online resource] ([Washington, D.C.) 1868-18??",sn96027351,904283370,,2,1868-01-01,1868-06-01,https://chroniclingamerica.loc.gov/lccn/sn96027351/essays/
https://chroniclingamerica.loc.gov/lccn/sn84024437/issues/,District of Columbia,"New era. [volume] (Washington, D.C.) 1870-1870",sn84024437,10931292,2471-6316,34,1870-01-13,1870-09-01,https://chroniclingamerica.loc.gov/lccn/sn84024437/essays/
https://chroniclingamerica.loc.gov/lccn/sn84026753/issues/,District of Columbia,"New national era. [volume] (Washington, D.C.) 1870-1874",sn84026753,10641996,2471-6340,211,1870-09-08,1874-10-22,https://chroniclingamerica.loc.gov/lccn/sn84026753/essays/
https://chroniclingamerica.loc.gov/lccn/sn84025891/issues/,District of Columbia,"The Washington bee. [volume] (Washington, D.C.) 1884-1922",sn84025891,10587828,1940-7424,996,1886-05-29,1912-03-30,https://chroniclingamerica.loc.gov/lccn/sn84025891/essays/
https://chroniclingamerica.loc.gov/lccn/sn82016146/issues/,Florida,"The Florida evangelist. [volume] (Jacksonville, Fla.) 1896-1902",sn82016146,9169447,,1,1900-01-20,1900-01-20,https://chroniclingamerica.loc.gov/lccn/sn82016146/essays/
https://chroniclingamerica.loc.gov/lccn/sn98062577/issues/,Florida,"The Florida sentinel. (Pensacola, Fla.) 1887-1???",sn98062577,40250476,,1,1900-01-26,1900-01-26,https://chroniclingamerica.loc.gov/lccn/sn98062577/essays/
https://chroniclingamerica.loc.gov/lccn/sn83016194/issues/,Florida,The Gazette and land bulletin. [volume] (Waycross ;) 1896-19??,sn83016194,9617038,,1,1900-01-27,1900-01-27,https://chroniclingamerica.loc.gov/lccn/sn83016194/essays/
https://chroniclingamerica.loc.gov/lccn/sn83004231/issues/,Florida,"The Miami times. [volume] (Miami, Fla.) 1923-current",sn83004231,2264129,0739-0319,387,1948-10-23,1957-12-28,https://chroniclingamerica.loc.gov/lccn/sn83004231/essays/
https://chroniclingamerica.loc.gov/lccn/2012233098/issues/,Georgia,"The Athens republique. (Athens, Ga.) 1919-????",2012233098,812195741,2768-654X,19,1921-01-15,1926-03-27,https://chroniclingamerica.loc.gov/lccn/2012233098/essays/
https://chroniclingamerica.loc.gov/lccn/sn82014241/issues/,Georgia,"Atlanta age. [volume] (Atlanta, Ga.) 1898-19??",sn82014241,8790269,,1,1900-01-13,1900-01-13,https://chroniclingamerica.loc.gov/lccn/sn82014241/essays/
https://chroniclingamerica.loc.gov/lccn/sn83016240/issues/,Georgia,"The Augusta union. [volume] (Augusta, Ga.) 1889-19??",sn83016240,2715348,,1,1900-01-27,1900-01-27,https://chroniclingamerica.loc.gov/lccn/sn83016240/essays/
https://chroniclingamerica.loc.gov/lccn/sn82014351/issues/,Georgia,"The colored American. [volume] (Augusta, Ga.) 1865-1866",sn82014351,8780206,,3,1865-12-30,1866-01-13,https://chroniclingamerica.loc.gov/lccn/sn82014351/essays/
https://chroniclingamerica.loc.gov/lccn/sn83016189/issues/,Georgia,"Columbus chronicle. [volume] (Columbus, Ga.) 1895-1900",sn83016189,9613829,,1,1900-01-27,1900-01-27,https://chroniclingamerica.loc.gov/lccn/sn83016189/essays/
https://chroniclingamerica.loc.gov/lccn/sn83016194/issues/,Georgia,The Gazette and land bulletin. [volume] (Waycross ;) 1896-19??,sn83016194,9617038,,1,1900-01-27,1900-01-27,https://chroniclingamerica.loc.gov/lccn/sn83016194/essays/
https://chroniclingamerica.loc.gov/lccn/sn83016188/issues/,Georgia,"The Macon sentinel. [volume] (Macon, Ga.) 1899-19??",sn83016188,9613561,,1,1900-01-27,1900-01-27,https://chroniclingamerica.loc.gov/lccn/sn83016188/essays/
https://chroniclingamerica.loc.gov/lccn/sn84020323/issues/,Georgia,The Savannah tribune. [volume] (Savannah [Ga.]) 1876-1960,sn84020323,8107226,2768-6604,110,1886-10-23,1913-11-15,https://chroniclingamerica.loc.gov/lccn/sn84020323/essays/
https://chroniclingamerica.loc.gov/lccn/sn83016195/issues/,Georgia,"Savannah weekly echo. [volume] (Savannah, Ga.) 1879-1884",sn83016195,9618146,,5,1883-08-26,1884-02-10,https://chroniclingamerica.loc.gov/lccn/sn83016195/essays/
https://chroniclingamerica.loc.gov/lccn/sn83016234/issues/,Georgia,"Voice of missions. [volume] (Atlanta, Ga.) 1893-1900",sn83016234,9637716,,1,1900-02-01,1900-02-01,https://chroniclingamerica.loc.gov/lccn/sn83016234/essays/
https://chroniclingamerica.loc.gov/lccn/sn83016184/issues/,Georgia,"The weekly defiance. [volume] (Atlanta, Ga.) 1881-1889",sn83016184,9612325,,2,1882-10-24,1883-02-24,https://chroniclingamerica.loc.gov/lccn/sn83016184/essays/
https://chroniclingamerica.loc.gov/lccn/sn83016810/issues/,Illinois,"The Appeal. [volume] (Saint Paul, Minn. ;) 1889-19??",sn83016810,10157486,2163-7075,1558,1889-02-23,1923-11-24,https://chroniclingamerica.loc.gov/lccn/sn83016810/essays/
https://chroniclingamerica.loc.gov/lccn/sn84024055/issues/,Illinois,"The broad ax. [volume] (Salt Lake City, Utah) 1895-19??",sn84024055,10392922,2163-7202,1661,1895-08-31,1927-09-10,https://chroniclingamerica.loc.gov/lccn/sn84024055/essays/
https://chroniclingamerica.loc.gov/lccn/sn90053126/issues/,Illinois,"The Chicago Illinois idea. (Chicago, Ill.) 19??-19??",sn90053126,23103639,2769-5395,1,1916-10-28,1916-10-28,https://chroniclingamerica.loc.gov/lccn/sn90053126/essays/
https://chroniclingamerica.loc.gov/lccn/sn91055768/issues/,Illinois,"The Chicago reflector. (Chicago, Ill.) 1896-1???",sn91055768,23257134,2769-5980,1,1897-10-16,1897-10-16,https://chroniclingamerica.loc.gov/lccn/sn91055768/essays/
https://chroniclingamerica.loc.gov/lccn/sn86056950/issues/,Illinois,"The Chicago whip. (Chicago, Ill.) 1919-19??",sn86056950,15192974,2694-099X,177,1919-06-24,1931-10-10,https://chroniclingamerica.loc.gov/lccn/sn86056950/essays/
https://chroniclingamerica.loc.gov/lccn/sn91055455/issues/,Illinois,"Chicago world. (Chicago, Ill.) 1918-????",sn91055455,24283548,2694-1066,61,1934-06-23,1950-02-04,https://chroniclingamerica.loc.gov/lccn/sn91055455/essays/
https://chroniclingamerica.loc.gov/lccn/sn84025819/issues/,Illinois,"The Chicago world. [volume] (Chicago, Ill.) 1900-19??",sn84025819,10337738,,1,1900-01-27,1900-01-27,https://chroniclingamerica.loc.gov/lccn/sn84025819/essays/
https://chroniclingamerica.loc.gov/lccn/sn84024048/issues/,Illinois,"The conservator. [volume] (Chicago, Ill.) 18??-1???",sn84024048,10356720,,4,1882-11-18,1886-12-18,https://chroniclingamerica.loc.gov/lccn/sn84024048/essays/
https://chroniclingamerica.loc.gov/lccn/sn86086415/issues/,Illinois,"The forum. [volume] (Springfield, Ill.) 1904-192?",sn86086415,13346960,2694-1139,395,1906-02-03,1917-06-30,https://chroniclingamerica.loc.gov/lccn/sn86086415/essays/
https://chroniclingamerica.loc.gov/lccn/sn88061252/issues/,Illinois,"The Illinois times. (Champaign, Ill.) 19??-19??",sn88061252,18609544,2694-1155,132,1949-10-14,1963-09-20,https://chroniclingamerica.loc.gov/lccn/sn88061252/essays/
https://chroniclingamerica.loc.gov/lccn/sn89080007/issues/,Illinois,"Metropolis weekly gazette. (Metropolis, Ill.) 1???-19??",sn89080007,22355720,2694-121X,426,1911-07-21,1922-12-22,https://chroniclingamerica.loc.gov/lccn/sn89080007/essays/
https://chroniclingamerica.loc.gov/lccn/sn91055359/issues/,Illinois,"Metropolitan news. (Chicago, Ill.) 1935-19??",sn91055359,23942530,2694-1244,12,1935-05-07,1937-02-27,https://chroniclingamerica.loc.gov/lccn/sn91055359/essays/
https://chroniclingamerica.loc.gov/lccn/sn2008060212/issues/,Illinois,"The Robbins eagle. (Robbins, Ill.) 1951-1963",sn2008060212,190785720,2694-1260,161,1951-03-03,1963-06-15,https://chroniclingamerica.loc.gov/lccn/sn2008060212/essays/
https://chroniclingamerica.loc.gov/lccn/sn84025827/issues/,Illinois,"The state capital. [volume] (Springfield, Ill.) 1886-19??",sn84025827,10359771,,50,1891-03-28,1899-01-13,https://chroniclingamerica.loc.gov/lccn/sn84025827/essays/
https://chroniclingamerica.loc.gov/lccn/sn82015409/issues/,Illinois,"Sunday Chicago bee. [volume] (Chicago, Ill.) 1925-19??",sn82015409,8807768,2769-4682,12,1938-05-01,1946-10-20,https://chroniclingamerica.loc.gov/lccn/sn82015409/essays/
https://chroniclingamerica.loc.gov/lccn/sn83016811/issues/,Illinois,"Western appeal. [volume] (Saint Paul, Minn.) 1885-18??",sn83016811,10153837,2163-7083,84,1885-06-13,1888-12-29,https://chroniclingamerica.loc.gov/lccn/sn83016811/essays/
https://chroniclingamerica.loc.gov/lccn/sn82016213/issues/,Indiana,"The colored visitor. [volume] (Logansport, Ind.) 1879-18??",sn82016213,9202276,,1,1879-08-01,1879-08-01,https://chroniclingamerica.loc.gov/lccn/sn82016213/essays/
https://chroniclingamerica.loc.gov/lccn/sn84027490/issues/,Indiana,"The Indianapolis leader. (Indianapolis, Ind.) 1879-1890",sn84027490,11257023,2332-2527,117,1879-08-30,1882-06-24,https://chroniclingamerica.loc.gov/lccn/sn84027490/essays/
https://chroniclingamerica.loc.gov/lccn/sn82016212/issues/,Indiana,"The Indianapolis world. [volume] (Indianapolis, Ind.) 188?-19??",sn82016212,9202154,,1,1900-01-27,1900-01-27,https://chroniclingamerica.loc.gov/lccn/sn82016212/essays/
https://chroniclingamerica.loc.gov/lccn/sn86058076/issues/,Indiana,"The weekly review. [volume] (New Albany, Ind.) 1881-188?",sn86058076,13351985,,1,1881-04-16,1881-04-16,https://chroniclingamerica.loc.gov/lccn/sn86058076/essays/
https://chroniclingamerica.loc.gov/lccn/sn85049804/issues/,Iowa,"The bystander. [volume] (Des Moines, Iowa) 1916-1922",sn85049804,2258813,2332-4554,303,1916-01-21,1921-12-31,https://chroniclingamerica.loc.gov/lccn/sn85049804/essays/
https://chroniclingamerica.loc.gov/lccn/sn83025198/issues/,Iowa,"Iowa Baptist standard. [volume] (Des Moines, Iowa) 1897-1???",sn83025198,9305522,,1,1897-05-21,1897-05-21,https://chroniclingamerica.loc.gov/lccn/sn83025198/essays/
https://chroniclingamerica.loc.gov/lccn/sn83025186/issues/,Iowa,"Iowa state bystander. [volume] (Des Moines, Iowa) 1894-1916",sn83025186,9304215,2332-452X,1105,1894-06-15,1916-01-14,https://chroniclingamerica.loc.gov/lccn/sn83025186/essays/
https://chroniclingamerica.loc.gov/lccn/sn83025195/issues/,Iowa,"The weekly avalanche. [volume] (Des Moines, Iowa) 1891-1???",sn83025195,9305358,,1,1893-01-20,1893-01-20,https://chroniclingamerica.loc.gov/lccn/sn83025195/essays/
https://chroniclingamerica.loc.gov/lccn/sn85032031/issues/,Kansas,"The American citizen. [volume] (Topeka, Kan.) 1888-1909",sn85032031,12759891,,27,1889-01-11,1889-07-19,https://chroniclingamerica.loc.gov/lccn/sn85032031/essays/
https://chroniclingamerica.loc.gov/lccn/sn88086003/issues/,Kansas,"The Baptist headlight. (Topeka, Kan.) 1893-1894",sn88086003,17338541,,28,1893-09-15,1894-08-08,https://chroniclingamerica.loc.gov/lccn/sn88086003/essays/
https://chroniclingamerica.loc.gov/lccn/sn85032037/issues/,Kansas,"The benevolent banner. [volume] (North Topeka, Kan.) 1887-18??",sn85032037,12759902,,17,1887-05-21,1887-10-22,https://chroniclingamerica.loc.gov/lccn/sn85032037/essays/
https://chroniclingamerica.loc.gov/lccn/sn85067024/issues/,Kansas,"The colored patriot. [volume] (Topeka, Kan.) 1882-18??",sn85067024,12771653,,9,1882-04-20,1882-06-22,https://chroniclingamerica.loc.gov/lccn/sn85067024/essays/
https://chroniclingamerica.loc.gov/lccn/sn85032047/issues/,Kansas,"The evening call. [volume] (Topeka, Kan.) 1891-1893",sn85032047,12849982,,15,1893-06-13,1893-07-08,https://chroniclingamerica.loc.gov/lccn/sn85032047/essays/
https://chroniclingamerica.loc.gov/lccn/sn85067225/issues/,Kansas,"Herald of Kansas. [volume] (Topeka, Kan.) 1880-1880",sn85067225,12788920,,16,1880-02-13,1880-06-11,https://chroniclingamerica.loc.gov/lccn/sn85067225/essays/
https://chroniclingamerica.loc.gov/lccn/sn84029656/issues/,Kansas,"The historic times. [volume] (Lawrence, Kansas) 1891-1891",sn84029656,11173199,,18,1891-07-11,1891-11-14,https://chroniclingamerica.loc.gov/lccn/sn84029656/essays/
https://chroniclingamerica.loc.gov/lccn/sn85067074/issues/,Kansas,"The Kansas blackman. [volume] (Topeka, Kan.) 1894-1???",sn85067074,12770657,,11,1894-04-20,1894-06-29,https://chroniclingamerica.loc.gov/lccn/sn85067074/essays/
https://chroniclingamerica.loc.gov/lccn/sn85032460/issues/,Kansas,"The Kansas headlight. [volume] (Wichita, Kan.) 1894-1894",sn85032460,12714539,,1,1894-09-14,1894-09-14,https://chroniclingamerica.loc.gov/lccn/sn85032460/essays/
https://chroniclingamerica.loc.gov/lccn/sn85067092/issues/,Kansas,"Kansas weekly herald. [volume] (Topeka, Kan.) 1880-1880",sn85067092,12851084,,2,1880-01-30,1880-02-06,https://chroniclingamerica.loc.gov/lccn/sn85067092/essays/
https://chroniclingamerica.loc.gov/lccn/sn84025833/issues/,Kansas,"National Baptist world. [volume] (Wichita, Kan.) 1894-1894",sn84025833,10372518,,13,1894-08-31,1894-11-23,https://chroniclingamerica.loc.gov/lccn/sn84025833/essays/
https://chroniclingamerica.loc.gov/lccn/sn84030038/issues/,Kansas,"The Nicodemus cyclone. [volume] (Nicodemus, Graham County, Kan.) 1887-1888",sn84030038,11364750,,30,1887-12-30,1888-09-07,https://chroniclingamerica.loc.gov/lccn/sn84030038/essays/
https://chroniclingamerica.loc.gov/lccn/sn84030037/issues/,Kansas,"The Nicodemus enterprise. [volume] (Nicodemus, Kan.) 1887-1887",sn84030037,11364657,,13,1887-08-17,1887-12-23,https://chroniclingamerica.loc.gov/lccn/sn84030037/essays/
https://chroniclingamerica.loc.gov/lccn/sn84025818/issues/,Kansas,"The Parsons weekly blade. [volume] (Parsons, Labette County, Kan.) 1892-19??",sn84025818,10337751,,1,1900-01-26,1900-01-26,https://chroniclingamerica.loc.gov/lccn/sn84025818/essays/
https://chroniclingamerica.loc.gov/lccn/sn84025836/issues/,Kansas,"The People's friend. [volume] (Wichita, Kan.) 1894-1896",sn84025836,10380169,,19,1894-05-24,1896-12-11,https://chroniclingamerica.loc.gov/lccn/sn84025836/essays/
https://chroniclingamerica.loc.gov/lccn/sn84025820/issues/,Kansas,"The plaindealer. [volume] (Topeka, Kan.) 1899-1900",sn84025820,10337694,,1,1900-01-26,1900-01-26,https://chroniclingamerica.loc.gov/lccn/sn84025820/essays/
https://chroniclingamerica.loc.gov/lccn/sn84029136/issues/,Kansas,"The southern argus. [volume] (Baxter Springs, Cherokee County, Kan.) 1891-1???",sn84029136,10502949,,32,1891-06-18,1892-02-04,https://chroniclingamerica.loc.gov/lccn/sn84029136/essays/
https://chroniclingamerica.loc.gov/lccn/sn84025832/issues/,Kansas,"The Wichita tribune. [volume] (Wichita, Kan.) 1898-1???",sn84025832,10372415,,18,1898-07-23,1899-03-04,https://chroniclingamerica.loc.gov/lccn/sn84025832/essays/
https://chroniclingamerica.loc.gov/lccn/sn83016361/issues/,Kentucky,"The bulletin. [volume] (Louisville, Ky.) 18??-18??",sn83016361,9745888,,1,1881-09-24,1881-09-24,https://chroniclingamerica.loc.gov/lccn/sn83016361/essays/
https://chroniclingamerica.loc.gov/lccn/sn83025729/issues/,Kentucky,"The Lexington standard. [volume] (Lexington, Ky.) 1892-1912",sn83025729,9765671,2157-1384,9,1900-01-27,1911-12-16,https://chroniclingamerica.loc.gov/lccn/sn83025729/essays/
https://chroniclingamerica.loc.gov/lccn/sn83016563/issues/,Louisiana,The Black Republican. [volume] (New Orleans [La.]) 1865-186?,sn83016563,9908183,,5,1865-04-15,1865-05-20,https://chroniclingamerica.loc.gov/lccn/sn83016563/essays/
https://chroniclingamerica.loc.gov/lccn/sn83016716/issues/,Louisiana,"The Concordia eagle. [volume] (Vidalia, La.) 1873-1890",sn83016716,10024403,2163-7040,17,1875-10-02,1885-07-04,https://chroniclingamerica.loc.gov/lccn/sn83016716/essays/
https://chroniclingamerica.loc.gov/lccn/sn83016562/issues/,Louisiana,"The crusader. [volume] (New Orleans, La.) 1889-189?",sn83016562,9908127,,1,1890-07-19,1890-07-19,https://chroniclingamerica.loc.gov/lccn/sn83016562/essays/
https://chroniclingamerica.loc.gov/lccn/sn83027096/issues/,Louisiana,The echo. [volume] (St. Martinsville [i.e. St. Martinville] La.) 1872-1878,sn83027096,10028714,2641-8142,1,1873-03-15,1873-03-15,https://chroniclingamerica.loc.gov/lccn/sn83027096/essays/
https://chroniclingamerica.loc.gov/lccn/sn83016630/issues/,Louisiana,"The Louisianian. [volume] (New Orleans, La.) 1870-1871",sn83016630,9957021,2326-6287,36,1870-12-18,1871-05-07,https://chroniclingamerica.loc.gov/lccn/sn83016630/essays/
https://chroniclingamerica.loc.gov/lccn/sn83016560/issues/,Louisiana,"The observer. [volume] (Baton Rouge, La.) 1899-1900",sn83016560,9907976,,1,1900-01-13,1900-01-13,https://chroniclingamerica.loc.gov/lccn/sn83016560/essays/
https://chroniclingamerica.loc.gov/lccn/sn83016564/issues/,Louisiana,"The Republican courier. [volume] (New Orleans, La.) 1899-1900",sn83016564,9908251,,3,1899-12-02,1900-01-27,https://chroniclingamerica.loc.gov/lccn/sn83016564/essays/
https://chroniclingamerica.loc.gov/lccn/sn83016631/issues/,Louisiana,"Semi-weekly Louisianian. [volume] (New Orleans, La.) 1871-1872",sn83016631,9957091,2326-6309,80,1871-05-11,1872-02-25,https://chroniclingamerica.loc.gov/lccn/sn83016631/essays/
https://chroniclingamerica.loc.gov/lccn/sn83016561/issues/,Louisiana,"Southern Republican. [volume] (New Orleans, La.) 1898-1907",sn83016561,9908065,,3,1899-09-02,1900-04-14,https://chroniclingamerica.loc.gov/lccn/sn83016561/essays/
https://chroniclingamerica.loc.gov/lccn/sn83026401/issues/,Louisiana,L'union. [volume] (Nouvelle-OrleÃÅans [La.]) 1862-1864,sn83026401,9990651,,11,1862-10-08,1864-07-19,https://chroniclingamerica.loc.gov/lccn/sn83026401/essays/
https://chroniclingamerica.loc.gov/lccn/sn83016632/issues/,Louisiana,"The weekly Louisianian. [volume] (New Orleans, La.) 1872-1882",sn83016632,9957300,2378-038X,285,1872-04-27,1882-06-17,https://chroniclingamerica.loc.gov/lccn/sn83016632/essays/
https://chroniclingamerica.loc.gov/lccn/sn83009626/issues/,Maryland,"The Afro-American. [volume] (Baltimore, Md.) 1892-1899",sn83009626,9235910,2473-5922,23,1893-04-29,1898-03-26,https://chroniclingamerica.loc.gov/lccn/sn83009626/essays/
https://chroniclingamerica.loc.gov/lccn/sn83027092/issues/,Maryland,The American citizen. [volume] (Baltimore [Md.]) 1879-1???,sn83027092,9948094,,1,1879-04-19,1879-04-19,https://chroniclingamerica.loc.gov/lccn/sn83027092/essays/
https://chroniclingamerica.loc.gov/lccn/sn83027090/issues/,Maryland,"The commonwealth. [volume] (Baltimore, Md.) 1915-19??",sn83027090,9902528,,6,1915-07-24,1915-09-04,https://chroniclingamerica.loc.gov/lccn/sn83027090/essays/
https://chroniclingamerica.loc.gov/lccn/sn84025821/issues/,Maryland,The Negro appeal. [volume] (Baltimore ;) 1899-19??,sn84025821,10337773,,1,1900-02-16,1900-02-16,https://chroniclingamerica.loc.gov/lccn/sn84025821/essays/
https://chroniclingamerica.loc.gov/lccn/sn84025816/issues/,Massachusetts,"The Boston advance. [volume] (Boston, Mass.) 1896-1907",sn84025816,10338032,,1,1900-02-17,1900-02-17,https://chroniclingamerica.loc.gov/lccn/sn84025816/essays/
https://chroniclingamerica.loc.gov/lccn/sn84025817/issues/,Massachusetts,"The Boston courant. [volume] (Boston, Mass.) 1890-19??",sn84025817,10337702,,1,1900-01-06,1900-01-06,https://chroniclingamerica.loc.gov/lccn/sn84025817/essays/
https://chroniclingamerica.loc.gov/lccn/sn95063011/issues/,Massachusetts,"Hartford-Springfield chronicle. [volume] (Springfield, Mass.) 1940-194?",sn95063011,31813207,2688-9102,1,1940-06-15,1940-06-15,https://chroniclingamerica.loc.gov/lccn/sn95063011/essays/
https://chroniclingamerica.loc.gov/lccn/sn83016519/issues/,Michigan,"The Detroit informer. [volume] (Detroit, Mich.) 1897-19??",sn83016519,9873707,,1,1900-01-13,1900-01-13,https://chroniclingamerica.loc.gov/lccn/sn83016519/essays/
https://chroniclingamerica.loc.gov/lccn/sn83016294/issues/,Michigan,"Detroit tribune. [volume] (Detroit, Mich.) 1933-1933",sn83016294,9671902,2577-2538,37,1933-04-14,1933-12-23,https://chroniclingamerica.loc.gov/lccn/sn83016294/essays/
https://chroniclingamerica.loc.gov/lccn/sn92063852/issues/,Michigan,"The Detroit tribune. (Detroit, Mich.) 1935-1966",sn92063852,26654010,2577-350X,1450,1935-09-14,1963-12-28,https://chroniclingamerica.loc.gov/lccn/sn92063852/essays/
https://chroniclingamerica.loc.gov/lccn/sn83045324/issues/,Michigan,"The Michigan chronicle. [volume] (Detroit, Mich.) 1936-current",sn83045324,2264134,1949-9620,227,1939-01-14,1945-12-29,https://chroniclingamerica.loc.gov/lccn/sn83045324/essays/
https://chroniclingamerica.loc.gov/lccn/sn96076588/issues/,Michigan,"The tribune independent of Michigan. [volume] (Detroit, Mich.) 1933-1935",sn96076588,5998213,2577-2562,79,1933-12-30,1935-09-07,https://chroniclingamerica.loc.gov/lccn/sn96076588/essays/
https://chroniclingamerica.loc.gov/lccn/sn83016810/issues/,Minnesota,"The Appeal. [volume] (Saint Paul, Minn. ;) 1889-19??",sn83016810,10157486,2163-7075,1558,1889-02-23,1923-11-24,https://chroniclingamerica.loc.gov/lccn/sn83016810/essays/
https://chroniclingamerica.loc.gov/lccn/sn83025247/issues/,Minnesota,"Minneapolis spokesman. [volume] (Minneapolis, Minn.) 1934-2000",sn83025247,1715036,,1521,1934-08-10,1963-12-26,https://chroniclingamerica.loc.gov/lccn/sn83025247/essays/
https://chroniclingamerica.loc.gov/lccn/sn90060932/issues/,Minnesota,"The northwestern bulletin-appeal. [volume] (St. Paul, Minn. ;) 1924-1925",sn90060932,1716490,2694-5622,74,1924-01-12,1925-08-15,https://chroniclingamerica.loc.gov/lccn/sn90060932/essays/
https://chroniclingamerica.loc.gov/lccn/sn90060931/issues/,Minnesota,"The northwestern bulletin. [volume] (St. Paul, Minn. ;) 1922-1924",sn90060931,1764889,2694-5576,96,1922-03-11,1924-01-05,https://chroniclingamerica.loc.gov/lccn/sn90060931/essays/
https://chroniclingamerica.loc.gov/lccn/sn90059272/issues/,Minnesota,The St. Paul echo. [volume] (St. Paul ;) 1925-1927,sn90059272,1645574,2694-5754,86,1925-11-07,1927-06-25,https://chroniclingamerica.loc.gov/lccn/sn90059272/essays/
https://chroniclingamerica.loc.gov/lccn/sn83016804/issues/,Minnesota,"St. Paul recorder. [volume] (St. Paul, Minn.) 1934-2000",sn83016804,1715473,,1502,1934-08-10,1963-12-26,https://chroniclingamerica.loc.gov/lccn/sn83016804/essays/
https://chroniclingamerica.loc.gov/lccn/sn90060427/issues/,Minnesota,"The Twin City star. [volume] (Minneapolis, Minn.) 1910-19??",sn90060427,1767887,2694-5827,399,1910-06-02,1919-01-25,https://chroniclingamerica.loc.gov/lccn/sn90060427/essays/
https://chroniclingamerica.loc.gov/lccn/sn83016811/issues/,Minnesota,"Western appeal. [volume] (Saint Paul, Minn.) 1885-18??",sn83016811,10153837,2163-7083,84,1885-06-13,1888-12-29,https://chroniclingamerica.loc.gov/lccn/sn83016811/essays/
https://chroniclingamerica.loc.gov/lccn/sn88067171/issues/,Mississippi,"Afro-American courier. (Yazoo City, Miss.) 1926-19??",sn88067171,18201922,2694-6068,54,1926-08-01,1957-05-01,https://chroniclingamerica.loc.gov/lccn/sn88067171/essays/
https://chroniclingamerica.loc.gov/lccn/sn88067172/issues/,Mississippi,"The century voice. (Yazoo City, Miss.) 194?-19??",sn88067172,18201974,2694-6319,44,1942-08-01,1963-02-01,https://chroniclingamerica.loc.gov/lccn/sn88067172/essays/
https://chroniclingamerica.loc.gov/lccn/sn88067103/issues/,Mississippi,"The community citizen. (New Albany, Miss.) 19??-19??",sn88067103,17388230,2694-6394,6,1955-11-17,1959-01-08,https://chroniclingamerica.loc.gov/lccn/sn88067103/essays/
https://chroniclingamerica.loc.gov/lccn/sn87065122/issues/,Mississippi,"The Delta leader. (Greenville, Miss.) 1939-19??",sn87065122,15155009,2765-866X,3,1943-12-19,1955-01-16,https://chroniclingamerica.loc.gov/lccn/sn87065122/essays/
https://chroniclingamerica.loc.gov/lccn/sn88067047/issues/,Mississippi,"The echo. (Meridian, Miss.) 1942-1960",sn88067047,17538016,2765-9348,458,1942-01-16,1956-12-15,https://chroniclingamerica.loc.gov/lccn/sn88067047/essays/
https://chroniclingamerica.loc.gov/lccn/sn84025823/issues/,Mississippi,"The free state. [volume] (Brandon, Miss.) 1898-19??",sn84025823,10347200,,1,1900-01-20,1900-01-20,https://chroniclingamerica.loc.gov/lccn/sn84025823/essays/
https://chroniclingamerica.loc.gov/lccn/sn84025825/issues/,Mississippi,"The golden rule. [volume] (Vicksburg, Miss.) 1898-19??",sn84025825,10354367,2576-4667,2,1899-01-14,1900-01-27,https://chroniclingamerica.loc.gov/lccn/sn84025825/essays/
https://chroniclingamerica.loc.gov/lccn/sn79000083/issues/,Mississippi,"Jackson advocate. [volume] (Jackson, Miss.) 1939-current",sn79000083,4701538,0047-1704,1087,1941-08-02,1963-12-21,https://chroniclingamerica.loc.gov/lccn/sn79000083/essays/
https://chroniclingamerica.loc.gov/lccn/sn84025824/issues/,Mississippi,"The light. [volume] (Vicksburg, Miss.) 1891-19??",sn84025824,10347312,,1,1900-01-18,1900-01-18,https://chroniclingamerica.loc.gov/lccn/sn84025824/essays/
https://chroniclingamerica.loc.gov/lccn/sn87065258/issues/,Mississippi,"The Mississippi enterprise. (Jackson, Miss.) 1938-current",sn87065258,15339733,2765-9739,503,1942-08-15,1963-10-19,https://chroniclingamerica.loc.gov/lccn/sn87065258/essays/
https://chroniclingamerica.loc.gov/lccn/sn87082832/issues/,Mississippi,"The Southern advocate. (Mound Bayou, Miss.) 1933-19??",sn87082832,15738677,2766-080X,56,1940-04-27,1941-09-13,https://chroniclingamerica.loc.gov/lccn/sn87082832/essays/
https://chroniclingamerica.loc.gov/lccn/sn89065000/issues/,Mississippi,"Voice of the people. (Laurel, Miss.) 19??-19??",sn89065000,19295684,2766-0974,8,1926-06-14,1926-10-25,https://chroniclingamerica.loc.gov/lccn/sn89065000/essays/
https://chroniclingamerica.loc.gov/lccn/sn87065408/issues/,Mississippi,"The weekly echo. (Meridian, Miss.) 1931-1942",sn87065408,15716025,2765-9313,163,1933-01-06,1942-01-09,https://chroniclingamerica.loc.gov/lccn/sn87065408/essays/
https://chroniclingamerica.loc.gov/lccn/2018270512/issues/,Mississippi,"The weekly Negro world. [volume] (Cary, Miss.) 189?-19??",2018270512,1059131230,2766-0990,1,1902-04-26,1902-04-26,https://chroniclingamerica.loc.gov/lccn/2018270512/essays/
https://chroniclingamerica.loc.gov/lccn/sn84020143/issues/,Missouri,"The American eagle. [volume] (St. Louis, Mo.) 1894-19??",sn84020143,10408010,,1,1905-12-17,1905-12-17,https://chroniclingamerica.loc.gov/lccn/sn84020143/essays/
https://chroniclingamerica.loc.gov/lccn/sn83025434/issues/,Missouri,"The American Negro. [volume] (Springfield, Mo.) 1890-1890",sn83025434,9467380,,1,1890-10-25,1890-10-25,https://chroniclingamerica.loc.gov/lccn/sn83025434/essays/
https://chroniclingamerica.loc.gov/lccn/sn83025495/issues/,Missouri,"Kansas City observer. [volume] (Kansas City, Mo.) 1896-19??",sn83025495,9529378,,1,1900-01-27,1900-01-27,https://chroniclingamerica.loc.gov/lccn/sn83025495/essays/
https://chroniclingamerica.loc.gov/lccn/sn90061556/issues/,Missouri,"The Kansas City sun. (Kansas City, Mo.) 1908-1924",sn90061556,21244408,2166-8329,360,1914-01-10,1920-12-25,https://chroniclingamerica.loc.gov/lccn/sn90061556/essays/
https://chroniclingamerica.loc.gov/lccn/sn83025493/issues/,Missouri,The Missouri messenger. [volume] (Macon ;) 1894-1900,sn83025493,9529249,,1,1900-01-26,1900-01-26,https://chroniclingamerica.loc.gov/lccn/sn83025493/essays/
https://chroniclingamerica.loc.gov/lccn/sn89066321/issues/,Missouri,"The professional world. (Columbia, Mo.) 1901-192?",sn89066321,19566406,2326-8530,103,1901-11-01,1903-12-25,https://chroniclingamerica.loc.gov/lccn/sn89066321/essays/
https://chroniclingamerica.loc.gov/lccn/sn83025494/issues/,Missouri,"The Rising son. [volume] (Kansas City, Mo.) 1896-19??",sn83025494,9529310,2165-929X,195,1900-01-27,1907-12-28,https://chroniclingamerica.loc.gov/lccn/sn83025494/essays/
https://chroniclingamerica.loc.gov/lccn/sn89067598/issues/,Missouri,"Sedalia weekly conservator. (Sedalia, Mo.) 1903-1909",sn89067598,20842253,2166-8264,238,1903-05-08,1908-09-21,https://chroniclingamerica.loc.gov/lccn/sn89067598/essays/
https://chroniclingamerica.loc.gov/lccn/sn84036198/issues/,Montana,"The Colored citizen. [volume] (Helena, Mont.) 1894-1894",sn84036198,11254796,2326-9685,10,1894-09-03,1894-11-05,https://chroniclingamerica.loc.gov/lccn/sn84036198/essays/
https://chroniclingamerica.loc.gov/lccn/sn84036148/issues/,Montana,"The new age. [volume] (Butte, Mont.) 1902-190?",sn84036148,11076647,2326-9650,36,1902-05-30,1903-02-07,https://chroniclingamerica.loc.gov/lccn/sn84036148/essays/
https://chroniclingamerica.loc.gov/lccn/sn84020277/issues/,Nebraska,"The enterprise. [volume] (Omaha, Neb.) 1893-1914",sn84020277,10529510,,1,1900-01-12,1900-01-12,https://chroniclingamerica.loc.gov/lccn/sn84020277/essays/
https://chroniclingamerica.loc.gov/lccn/00225879/issues/,Nebraska,"The monitor. (Omaha, Neb.) 1915-1928",00225879,45351894,2768-5535,683,1915-07-03,1928-11-30,https://chroniclingamerica.loc.gov/lccn/00225879/essays/
https://chroniclingamerica.loc.gov/lccn/sn93062828/issues/,Nebraska,"The Omaha guide. [volume] (Omaha, Neb.) 1927-19??",sn93062828,27322162,2768-587X,863,1932-07-16,1958-03-15,https://chroniclingamerica.loc.gov/lccn/sn93062828/essays/
https://chroniclingamerica.loc.gov/lccn/2019270506/issues/,Nebraska,"Omaha monitor. [volume] (Omaha, Nebraska) 1928-????",2019270506,1088506199,,6,1928-12-07,1929-01-11,https://chroniclingamerica.loc.gov/lccn/2019270506/essays/
https://chroniclingamerica.loc.gov/lccn/sn83025331/issues/,Nebraska,"The progress. [volume] (Omaha, Neb.) 1889-19??",sn83025331,9396461,,2,1890-06-21,1900-01-26,https://chroniclingamerica.loc.gov/lccn/sn83025331/essays/
https://chroniclingamerica.loc.gov/lccn/2019270505/issues/,Nebraska,"The voice. [volume] (Lincoln, Nebraska) 1946-195?",2019270505,1088505830,2768-5853,344,1946-10-11,1953-05-14,https://chroniclingamerica.loc.gov/lccn/2019270505/essays/
https://chroniclingamerica.loc.gov/lccn/2019270504/issues/,Nebraska,"The weekly review [volume] (Lincoln, Nebraska) 1933-19??",2019270504,1088505567,2768-5810,8,1933-01-12,1933-03-30,https://chroniclingamerica.loc.gov/lccn/2019270504/essays/
https://chroniclingamerica.loc.gov/lccn/sn85042252/issues/,New York,"Black Republican and office-holder's journal. [volume] (New York, N.Y.) 18??-18??",sn85042252,12006614,,1,1865-08-10,1865-08-10,https://chroniclingamerica.loc.gov/lccn/sn85042252/essays/
https://chroniclingamerica.loc.gov/lccn/sn84025829/issues/,New York,The ram's horn. [volume] (New York [N.Y.]) 1847-1848,sn84025829,10372036,,1,1847-11-05,1847-11-05,https://chroniclingamerica.loc.gov/lccn/sn84025829/essays/
https://chroniclingamerica.loc.gov/lccn/sn83027094/issues/,New York,The rights of all. [volume] (New-York [N.Y.]) 1829-18??,sn83027094,10000851,,5,1829-05-29,1829-10-09,https://chroniclingamerica.loc.gov/lccn/sn83027094/essays/
https://chroniclingamerica.loc.gov/lccn/sn97064613/issues/,North Carolina,"African expositor. [volume] (Raleigh, N.C.) 18??-18??",sn97064613,38892755,2766-5992,1,1886-10-01,1886-10-01,https://chroniclingamerica.loc.gov/lccn/sn97064613/essays/
https://chroniclingamerica.loc.gov/lccn/sn84025826/issues/,North Carolina,"Africo-American Presbyterian. [volume] (Wilmington, N.C.) 1879-1938",sn84025826,10354392,,1,1899-12-21,1899-12-21,https://chroniclingamerica.loc.gov/lccn/sn84025826/essays/
https://chroniclingamerica.loc.gov/lccn/sn87070090/issues/,North Carolina,"The banner-enterprise. [volume] (Wilmington, N.C.) 1883-18??",sn87070090,16117652,2576-6902,22,1883-04-19,1884-08-09,https://chroniclingamerica.loc.gov/lccn/sn87070090/essays/
https://chroniclingamerica.loc.gov/lccn/sn98058906/issues/,North Carolina,"The Carolina news. [volume] (Forest City, N.C. ;) 1952-19??",sn98058906,38214323,2769-1438,1,1952-04-01,1952-04-01,https://chroniclingamerica.loc.gov/lccn/sn98058906/essays/
https://chroniclingamerica.loc.gov/lccn/sn92072999/issues/,North Carolina,"The Carolina tribune. [volume] (Raleigh, N.C.) 19??-1940",sn92072999,25587012,2769-1411,3,1935-03-02,1939-06-03,https://chroniclingamerica.loc.gov/lccn/sn92072999/essays/
https://chroniclingamerica.loc.gov/lccn/2020236717/issues/,North Carolina,"The educator [volume] (Fayetteville, N.C.) 1874-1875",2020236717,1139521043,2769-0768,48,1874-09-26,1875-09-25,https://chroniclingamerica.loc.gov/lccn/2020236717/essays/
https://chroniclingamerica.loc.gov/lccn/sn97064597/issues/,North Carolina,"The future outlook. [volume] (Greensboro, N.C.) 1941-1972",sn97064597,38214459,2766-6220,113,1941-10-30,1963-08-16,https://chroniclingamerica.loc.gov/lccn/sn97064597/essays/
https://chroniclingamerica.loc.gov/lccn/sn83027097/issues/,North Carolina,"The gazette. [volume] (Raleigh, N.C.) 18??-1???",sn83027097,10033391,2474-3143,66,1891-10-24,1898-02-19,https://chroniclingamerica.loc.gov/lccn/sn83027097/essays/
https://chroniclingamerica.loc.gov/lccn/sn92072981/issues/,North Carolina,"The journal of industry. [volume] (Raleigh, N.C.) 1879-1???",sn92072981,25557526,2475-0654,2,1879-04-01,1880-10-09,https://chroniclingamerica.loc.gov/lccn/sn92072981/essays/
https://chroniclingamerica.loc.gov/lccn/sn91068174/issues/,North Carolina,"The Laurinburg post. [volume] (Laurinburg, N.C.) 1895-1???",sn91068174,24532239,2769-139X,1,1895-12-21,1895-12-21,https://chroniclingamerica.loc.gov/lccn/sn91068174/essays/
https://chroniclingamerica.loc.gov/lccn/sn83025842/issues/,North Carolina,"The N.C. Republican, and civil rights advocate. [volume] (Weldon, N.C.) 1884-1???",sn83025842,9839433,,1,1884-05-22,1884-05-22,https://chroniclingamerica.loc.gov/lccn/sn83025842/essays/
https://chroniclingamerica.loc.gov/lccn/sn92073076/issues/,North Carolina,"North Carolina gazette. (Raleigh, N.C.) 1885-18??",sn92073076,25959539,2475-0638,1,1885-09-26,1885-09-26,https://chroniclingamerica.loc.gov/lccn/sn92073076/essays/
https://chroniclingamerica.loc.gov/lccn/sn85038643/issues/,North Carolina,"North Carolina Republican. [volume] (Raleigh, N.C.) 1879-1880",sn85038643,12862727,2474-4492,4,1880-03-19,1880-11-12,https://chroniclingamerica.loc.gov/lccn/sn85038643/essays/
https://chroniclingamerica.loc.gov/lccn/sn84025895/issues/,North Carolina,"The peoples' advocate. [volume] (New-Berne [New Bern], N.C.) 1886-188?",sn84025895,10587961,2766-6786,1,1886-07-31,1886-07-31,https://chroniclingamerica.loc.gov/lccn/sn84025895/essays/
https://chroniclingamerica.loc.gov/lccn/sn98058951/issues/,North Carolina,"The southern news. [volume] (Asheville, N.C.) 1936-19??",sn98058951,41242346,2766-6840,24,1938-06-11,1962-04-07,https://chroniclingamerica.loc.gov/lccn/sn98058951/essays/
https://chroniclingamerica.loc.gov/lccn/sn98058953/issues/,North Carolina,"The Southland advocate. [volume] (Asheville, N.C.) 19??-????",sn98058953,38214859,2766-7049,1,1950-04-15,1950-04-15,https://chroniclingamerica.loc.gov/lccn/sn98058953/essays/
https://chroniclingamerica.loc.gov/lccn/sn83025849/issues/,North Carolina,"The true reformer. [volume] (Littleton, N.C.) 1899-19??",sn83025849,9841956,,1,1900-07-25,1900-07-25,https://chroniclingamerica.loc.gov/lccn/sn83025849/essays/
https://chroniclingamerica.loc.gov/lccn/sn83035397/issues/,Ohio,"The Aliened American. [volume] (Cleveland, Ohio) 1853-18??",sn83035397,9777824,,1,1853-04-09,1853-04-09,https://chroniclingamerica.loc.gov/lccn/sn83035397/essays/
https://chroniclingamerica.loc.gov/lccn/sn83027095/issues/,Ohio,"The colored citizen. [volume] (Cincinnati, O. [Ohio]) 1863-18??",sn83027095,10005063,,1,1866-05-19,1866-05-19,https://chroniclingamerica.loc.gov/lccn/sn83027095/essays/
https://chroniclingamerica.loc.gov/lccn/sn84024221/issues/,Ohio,"The daily bulletin. [volume] (Dayton, Ohio) 1942-1946",sn84024221,11272712,,612,1944-09-01,1946-09-27,https://chroniclingamerica.loc.gov/lccn/sn84024221/essays/
https://chroniclingamerica.loc.gov/lccn/sn88077225/issues/,Ohio,"The daily express. (Dayton, Ohio) 1950-1955",sn88077225,17538515,2766-760X,362,1950-11-16,1952-05-26,https://chroniclingamerica.loc.gov/lccn/sn88077225/essays/
https://chroniclingamerica.loc.gov/lccn/sn84024234/issues/,Ohio,"The Dayton forum. [volume] (Dayton, Ohio) 1913-1949",sn84024234,11323316,2766-7642,415,1918-06-07,1946-10-31,https://chroniclingamerica.loc.gov/lccn/sn84024234/essays/
https://chroniclingamerica.loc.gov/lccn/sn85042465/issues/,Ohio,"The free American. [volume] (Columbus, Ohio) 1887-18??",sn85042465,12497479,,1,1887-03-19,1887-03-19,https://chroniclingamerica.loc.gov/lccn/sn85042465/essays/
https://chroniclingamerica.loc.gov/lccn/sn83035387/issues/,Ohio,"The gazette. [volume] (Cleveland, Ohio) 1892-194?",sn83035387,9754970,,3,1900-01-13,1901-04-13,https://chroniclingamerica.loc.gov/lccn/sn83035387/essays/
https://chroniclingamerica.loc.gov/lccn/sn88077226/issues/,Ohio,"The Ohio daily-express. (Dayton, Ohio) 1946-1950",sn88077226,17538519,2766-7529,664,1947-11-01,1950-11-15,https://chroniclingamerica.loc.gov/lccn/sn88077226/essays/
https://chroniclingamerica.loc.gov/lccn/sn84025822/issues/,Ohio,"Ohio standard and observer. [volume] (Xenia, Ohio ;) 1897-19??",sn84025822,10347100,,1,1900-01-27,1900-01-27,https://chroniclingamerica.loc.gov/lccn/sn84025822/essays/
https://chroniclingamerica.loc.gov/lccn/sn83025050/issues/,Oklahoma,"The Langston City herald. [volume] (Langston City, O.T. [Okla.]) 1891-1902",sn83025050,9227089,2158-8929,67,1892-11-17,1900-01-27,https://chroniclingamerica.loc.gov/lccn/sn83025050/essays/
https://chroniclingamerica.loc.gov/lccn/sn83025060/issues/,Oklahoma,"The Muskogee cimeter. [volume] (Muskogee, Indian Territory, Okla.) 1901-19??",sn83025060,9228536,2158-8937,326,1904-06-02,1920-08-27,https://chroniclingamerica.loc.gov/lccn/sn83025060/essays/
https://chroniclingamerica.loc.gov/lccn/sn86064118/issues/,Oklahoma,"The Tulsa star. [volume] (Tulsa, Okla.) 1913-1921",sn86064118,13621345,2163-4866,234,1913-04-11,1921-01-29,https://chroniclingamerica.loc.gov/lccn/sn86064118/essays/
https://chroniclingamerica.loc.gov/lccn/sn83027087/issues/,Pennsylvania,"The Christian banner. [volume] (Philadelphia, Pa.) 1888-19??",sn83027087,9869515,,1,1900-01-12,1900-01-12,https://chroniclingamerica.loc.gov/lccn/sn83027087/essays/
https://chroniclingamerica.loc.gov/lccn/sn83027088/issues/,Pennsylvania,The defender. [volume] (Philadelphia ;) 1897-19??,sn83027088,9885792,,1,1900-01-27,1900-01-27,https://chroniclingamerica.loc.gov/lccn/sn83027088/essays/
https://chroniclingamerica.loc.gov/lccn/sn83027089/issues/,Pennsylvania,"Odd fellows' journal. [volume] (Philadelphia, Pa.) 1897-19??",sn83027089,9891050,,1,1900-01-11,1900-01-11,https://chroniclingamerica.loc.gov/lccn/sn83027089/essays/
https://chroniclingamerica.loc.gov/lccn/sn83025782/issues/,South Carolina,"The Afro-American citizen. [volume] (Charleston, S.C.) 1899-1902",sn83025782,9797992,2166-1669,1,1900-01-17,1900-01-17,https://chroniclingamerica.loc.gov/lccn/sn83025782/essays/
https://chroniclingamerica.loc.gov/lccn/sn83025784/issues/,South Carolina,"The Charleston advocate. [volume] (Charleston, S.C.) 1867-1868",sn83025784,9803264,2166-1707,25,1867-02-23,1868-12-05,https://chroniclingamerica.loc.gov/lccn/sn83025784/essays/
https://chroniclingamerica.loc.gov/lccn/sn92065529/issues/,South Carolina,"The free citizen. (Orangeburg, S.C.) 1874-1876",sn92065529,25757236,2165-7742,19,1875-03-06,1876-05-27,https://chroniclingamerica.loc.gov/lccn/sn92065529/essays/
https://chroniclingamerica.loc.gov/lccn/sn83025795/issues/,South Carolina,"The free press. [volume] (Charleston, S.C.) 1868-186?",sn83025795,9803310,2166-1715,2,1868-04-05,1868-04-11,https://chroniclingamerica.loc.gov/lccn/sn83025795/essays/
https://chroniclingamerica.loc.gov/lccn/sn83025798/issues/,South Carolina,"The Georgetown planet. [volume] (Georgetown, S.C.) 1873-1875",sn83025798,9804903,2166-174X,1,1873-05-31,1873-05-31,https://chroniclingamerica.loc.gov/lccn/sn83025798/essays/
https://chroniclingamerica.loc.gov/lccn/sn83025781/issues/,South Carolina,"Missionary record. [volume] (Charleston, S.C.) 1868-1879",sn83025781,9797551,2165-9419,3,1873-07-05,1876-04-01,https://chroniclingamerica.loc.gov/lccn/sn83025781/essays/
https://chroniclingamerica.loc.gov/lccn/sn83025797/issues/,South Carolina,"The people's recorder. [volume] (Columbia, S.C.) 1893-1925",sn83025797,9804805,2166-1731,6,1898-03-19,1909-09-11,https://chroniclingamerica.loc.gov/lccn/sn83025797/essays/
https://chroniclingamerica.loc.gov/lccn/sn83025796/issues/,South Carolina,"The Rock Hill messenger. [volume] (Rock Hill, S.C.) 1896-1921",sn83025796,9804719,2166-1723,1,1900-01-26,1900-01-26,https://chroniclingamerica.loc.gov/lccn/sn83025796/essays/
https://chroniclingamerica.loc.gov/lccn/sn83025783/issues/,South Carolina,"South Carolina leader. [volume] (Charleston, S.C.) 1865-18??",sn83025783,9798897,2166-1693,27,1865-10-07,1867-03-23,https://chroniclingamerica.loc.gov/lccn/sn83025783/essays/
https://chroniclingamerica.loc.gov/lccn/sn83025803/issues/,South Carolina,"The Southern indicator. [volume] (Columbia, S.C.) 1903-1925",sn83025803,9810255,2166-1758,25,1913-02-15,1922-08-12,https://chroniclingamerica.loc.gov/lccn/sn83025803/essays/
https://chroniclingamerica.loc.gov/lccn/sn98058951/issues/,South Carolina,"The southern news. [volume] (Asheville, N.C.) 1936-19??",sn98058951,41242346,2766-6840,24,1938-06-11,1962-04-07,https://chroniclingamerica.loc.gov/lccn/sn98058951/essays/
https://chroniclingamerica.loc.gov/lccn/sn83025745/issues/,Tennessee,"The colored Tennessean. [volume] (Nashville, Tenn.) 1865-1866",sn83025745,9773024,,5,1865-08-12,1866-03-31,https://chroniclingamerica.loc.gov/lccn/sn83025745/essays/
https://chroniclingamerica.loc.gov/lccn/sn83025727/issues/,Tennessee,"The Jackson headlight. [volume] (Jackson, Tenn.) 1900-19??",sn83025727,9765547,,1,1900-01-27,1900-01-27,https://chroniclingamerica.loc.gov/lccn/sn83025727/essays/
https://chroniclingamerica.loc.gov/lccn/sn83025741/issues/,Tennessee,"Justice. [volume] (Chattanooga, Tenn.) 1887-18??",sn83025741,9772116,,1,1887-12-24,1887-12-24,https://chroniclingamerica.loc.gov/lccn/sn83025741/essays/
https://chroniclingamerica.loc.gov/lccn/sn96091618/issues/,Tennessee,"Maryville Republican. (Maryville, Tenn.) 187?-1877",sn96091618,35070847,2331-3196,4,1876-08-05,1877-10-27,https://chroniclingamerica.loc.gov/lccn/sn96091618/essays/
https://chroniclingamerica.loc.gov/lccn/sn83025728/issues/,Tennessee,"Maryville Republican. [volume] (Maryville, Tenn.) 1867-187?",sn83025728,9765605,2331-026X,5,1867-11-02,1876-10-07,https://chroniclingamerica.loc.gov/lccn/sn83025728/essays/
https://chroniclingamerica.loc.gov/lccn/sn86064259/issues/,Tennessee,"The Nashville globe. [volume] (Nashville, Tenn.) 1906-193?",sn86064259,13744970,2373-4892,461,1907-01-11,1918-12-27,https://chroniclingamerica.loc.gov/lccn/sn86064259/essays/
https://chroniclingamerica.loc.gov/lccn/sn83025753/issues/,Tennessee,"Negro world. [volume] (Knoxville, Tenn.) 1888-1???",sn83025753,9775485,,1,1891-02-28,1891-02-28,https://chroniclingamerica.loc.gov/lccn/sn83025753/essays/
https://chroniclingamerica.loc.gov/lccn/sn85042543/issues/,Tennessee,"The Republican. [volume] (Maryville, Tenn.) 187?-187?",sn85042543,12634479,2331-3021,10,1873-01-04,1875-03-06,https://chroniclingamerica.loc.gov/lccn/sn85042543/essays/
https://chroniclingamerica.loc.gov/lccn/sn83025746/issues/,Tennessee,"The Tennessean. [volume] (Nashville, Tenn.) 1866-1867",sn83025746,9773080,,1,1866-07-18,1866-07-18,https://chroniclingamerica.loc.gov/lccn/sn83025746/essays/
https://chroniclingamerica.loc.gov/lccn/sn83025779/issues/,Texas,"The Dallas express. [volume] (Dallas, Tex.) 1893-1970",sn83025779,9839625,2331-334X,183,1900-01-13,1922-12-30,https://chroniclingamerica.loc.gov/lccn/sn83025779/essays/
https://chroniclingamerica.loc.gov/lccn/sn83025751/issues/,Texas,"The free man's press. [volume] (Austin, Tex.) 1868-1868",sn83025751,9791586,,6,1868-08-01,1868-10-24,https://chroniclingamerica.loc.gov/lccn/sn83025751/essays/
https://chroniclingamerica.loc.gov/lccn/sn83025750/issues/,Texas,"The freedman's press. [volume] (Austin, Tex.) 1868-1868",sn83025750,9788265,,1,1868-07-18,1868-07-18,https://chroniclingamerica.loc.gov/lccn/sn83025750/essays/
https://chroniclingamerica.loc.gov/lccn/sn83025776/issues/,Texas,"The freeman's journal. [volume] (Galveston, Tex) 1887-1891",sn83025776,9839575,,1,1889-08-17,1889-08-17,https://chroniclingamerica.loc.gov/lccn/sn83025776/essays/
https://chroniclingamerica.loc.gov/lccn/sn83025786/issues/,Texas,"The independent. [volume] (Houston, Tex.) 1898-19??",sn83025786,9839546,,1,1900-01-27,1900-01-27,https://chroniclingamerica.loc.gov/lccn/sn83025786/essays/
https://chroniclingamerica.loc.gov/lccn/sn83025788/issues/,Texas,"The item. [volume] (Dallas, Tex.) 1891-1900",sn83025788,9839595,,1,1900-01-27,1900-01-27,https://chroniclingamerica.loc.gov/lccn/sn83025788/essays/
https://chroniclingamerica.loc.gov/lccn/sn83026367/issues/,Texas,"Oil city Afro-American. [volume] (Corsicana, Tex.) 1898-19??",sn83026367,9843592,,1,1900-01-27,1900-01-27,https://chroniclingamerica.loc.gov/lccn/sn83026367/essays/
https://chroniclingamerica.loc.gov/lccn/sn83025787/issues/,Texas,"Paul Quinn weekly. [volume] (Waco, Texas) 1???-19??",sn83025787,9839507,,1,1900-01-27,1900-01-27,https://chroniclingamerica.loc.gov/lccn/sn83025787/essays/
https://chroniclingamerica.loc.gov/lccn/sn83025816/issues/,Texas,"The Torchlight appeal. [volume] (Fort Worth, Tex.) 1886-18??",sn83025816,9839428,,3,1890-01-17,1890-02-22,https://chroniclingamerica.loc.gov/lccn/sn83025816/essays/
https://chroniclingamerica.loc.gov/lccn/sn88084224/issues/,Texas,"The Western star. (Houston, Tex.) 1881-19??",sn88084224,18472922,,1,1900-01-27,1900-01-27,https://chroniclingamerica.loc.gov/lccn/sn88084224/essays/
https://chroniclingamerica.loc.gov/lccn/sn84024055/issues/,Utah,"The broad ax. [volume] (Salt Lake City, Utah) 1895-19??",sn84024055,10392922,2163-7202,1661,1895-08-31,1927-09-10,https://chroniclingamerica.loc.gov/lccn/sn84024055/essays/
https://chroniclingamerica.loc.gov/lccn/sn86058060/issues/,Virginia,"The Midland express. [volume] (Boydton, Va.) 1891-189?",sn86058060,13352245,,1,1893-03-03,1893-03-03,https://chroniclingamerica.loc.gov/lccn/sn86058060/essays/
https://chroniclingamerica.loc.gov/lccn/sn84025813/issues/,Virginia,"The national pilot. [volume] (Petersburg, Va.) 1886-19??",sn84025813,10328978,,1,1900-02-01,1900-02-01,https://chroniclingamerica.loc.gov/lccn/sn84025813/essays/
https://chroniclingamerica.loc.gov/lccn/sn84025814/issues/,Virginia,"The reformer. [volume] (Richmond, Va.) 1895-19??",sn84025814,10328985,,1,1900-01-27,1900-01-27,https://chroniclingamerica.loc.gov/lccn/sn84025814/essays/
https://chroniclingamerica.loc.gov/lccn/sn84025841/issues/,Virginia,"Richmond planet. [volume] (Richmond, Va.) 1883-1938",sn84025841,10412790,2151-4011,1523,1885-02-21,1930-12-27,https://chroniclingamerica.loc.gov/lccn/sn84025841/essays/
https://chroniclingamerica.loc.gov/lccn/sn83027098/issues/,Virginia,"The Southern news. [volume] (Richmond, Va.) 1892-1???",sn83027098,10101960,,1,1892-10-15,1892-10-15,https://chroniclingamerica.loc.gov/lccn/sn83027098/essays/
https://chroniclingamerica.loc.gov/lccn/sn98068351/issues/,Virginia,"The Tribune. [volume] (Roanoke, Va.) 1951-19??",sn98068351,39072118,2767-5580,268,1951-08-11,1957-09-21,https://chroniclingamerica.loc.gov/lccn/sn98068351/essays/
https://chroniclingamerica.loc.gov/lccn/sn83027093/issues/,Virginia,"The Virginia star. [volume] (Richmond, Va.) 1877-18??",sn83027093,9973874,,13,1877-09-08,1882-12-23,https://chroniclingamerica.loc.gov/lccn/sn83027093/essays/
https://chroniclingamerica.loc.gov/lccn/sn87093354/issues/,Washington,"Cayton's monthly. [volume] (Seattle, Wash.) 1921-1921",sn87093354,17248383,2159-5569,2,1921-02-01,1921-03-01,https://chroniclingamerica.loc.gov/lccn/sn87093354/essays/
https://chroniclingamerica.loc.gov/lccn/sn87093353/issues/,Washington,"Cayton's weekly. [volume] (Seattle, Wash.) 1916-1921",sn87093353,17248379,2158-4699,186,1917-07-14,1921-01-29,https://chroniclingamerica.loc.gov/lccn/sn87093353/essays/
https://chroniclingamerica.loc.gov/lccn/sn87093375/issues/,Washington,"The Enterprise. [volume] (Seattle, Wash.) 192?-1930",sn87093375,17273968,,98,1926-10-08,1928-12-27,https://chroniclingamerica.loc.gov/lccn/sn87093375/essays/
https://chroniclingamerica.loc.gov/lccn/sn87093377/issues/,Washington,"The Northwest enterprise. [volume] (Seattle, Wash.) 1931-1952",sn87093377,17273999,,1037,1931-01-01,1952-04-04,https://chroniclingamerica.loc.gov/lccn/sn87093377/essays/
https://chroniclingamerica.loc.gov/lccn/sn87093448/issues/,Washington,"The Republican. [volume] (Seattle, Wash.) 1894-1???",sn87093448,17291866,2158-4702,2,1896-08-22,1898-06-17,https://chroniclingamerica.loc.gov/lccn/sn87093448/essays/
https://chroniclingamerica.loc.gov/lccn/sn87093376/issues/,Washington,"The Seattle enterprise. [volume] (Seattle, Wash.) 1920-192?",sn87093376,17273985,,1,1921-05-14,1921-05-14,https://chroniclingamerica.loc.gov/lccn/sn87093376/essays/
https://chroniclingamerica.loc.gov/lccn/sn84025811/issues/,Washington,"The Seattle Republican. [volume] (Seattle, Wash.) 1???-1915",sn84025811,10328970,2157-3271,690,1900-01-19,1913-05-02,https://chroniclingamerica.loc.gov/lccn/sn84025811/essays/
https://chroniclingamerica.loc.gov/lccn/sn84025812/issues/,Washington,"The world. [volume] (Seattle, Wash.) 1898-19??",sn84025812,10328976,,1,1899-01-04,1899-01-04,https://chroniclingamerica.loc.gov/lccn/sn84025812/essays/
https://chroniclingamerica.loc.gov/lccn/sn85059812/issues/,West Virginia,"The advocate. [volume] (Charleston, W. Va.) 1901-1913",sn85059812,12920534,2574-6464,287,1907-02-07,1912-11-14,https://chroniclingamerica.loc.gov/lccn/sn85059812/essays/
https://chroniclingamerica.loc.gov/lccn/sn86092050/issues/,West Virginia,"The McDowell times. [volume] (Keystone, W. Va.) 1904-1941",sn86092050,13032822,2640-3471,534,1913-05-09,1941-11-28,https://chroniclingamerica.loc.gov/lccn/sn86092050/essays/
https://chroniclingamerica.loc.gov/lccn/sn83025146/issues/,West Virginia,"Pioneer press. [volume] (Martinsburg, W. Va.) 1882-19??",sn83025146,9285482,2640-3714,328,1884-09-01,1917-09-22,https://chroniclingamerica.loc.gov/lccn/sn83025146/essays/
https://chroniclingamerica.loc.gov/lccn/sn84025842/issues/,Wisconsin,"The Wisconsin weekly blade. [volume] (Madison, Wis.) 1916-1925",sn84025842,10462416,2768-5403,143,1916-06-08,1922-09-02,https://chroniclingamerica.loc.gov/lccn/sn84025842/essays/
