Newspapers,LCCN,OCLC,ISSN,State,County,City,Geo Location,Browse Digitized Issues,Number of Issues,First Issue,Last Issue,Essay Available,Languages,Ethnicity
"The Advance (Wilmington, Del.) 1899-19??",sn86058063,13353313,2637-8205,Delaware,New Castle,Wilmington,"39.7444318, -75.5451003",https://www.loc.gov/item/sn86058063/?st=calendar,1,9/22/00,9/22/00,TRUE,English,African American
"The Advocate (Charleston, W. Va.) 1901-1913",sn85059812,12920534,2574-6464,West Virginia,Kanawha,Charleston,"38.351194, -81.638362",https://www.loc.gov/item/sn85059812/?st=calendar,287,2/7/07,11/14/12,TRUE,English,African American
"The Advocate (Leavenworth, Kan.) 1888-1889",sn85029303,12101931,,Kansas,Leavenworth,Leavenworth,"39.32746, -94.918953",https://www.loc.gov/item/sn85029303/?st=calendar,31,1888-08-18,1889-09-14,,English,African American
"African Expositor (Raleigh, N.C.) 18??-18??",sn97064613,38892755,2766-5992,North Carolina,Wake,Raleigh,"35.7813033, -78.6416795",https://www.loc.gov/item/sn97064613/?st=calendar,1,1886-10-01,1886-10-01,,English,African American
"Africo-American Presbyterian (Wilmington, N.C.) 1879-1938",sn84025826,10354392,2835-8740,North Carolina,"Mecklenburg, New Hanover","Charlotte, Wilmington","34.2367, -77.946197",https://www.loc.gov/item/sn84025826/?st=calendar,1,1899-12-21,1899-12-21,TRUE,English,African American
"The Afro-American (Baltimore, Md.) 1892-1899",sn83009626,9235910,2473-5922,Maryland,,Baltimore,"39.290443, -76.612333",https://www.loc.gov/item/sn83009626/?st=calendar,23,1893-04-29,1898-03-26,TRUE,English,African American
"The Afro-American Advance (Minneapolis, Minn. ; St. Paul, Minn.) 1899-19??",sn86058061,13353098,2996-3141,Minnesota,"Hennepin, Ramsey","Minneapolis, Saint Paul","44.943719, -93.094281",https://www.loc.gov/item/sn86058061/?st=calendar,71,1899-05-27,11/17/00,TRUE,English,African American
"Afro-American Advocate (Coffeyville, Kan.) 1891-1893",sn85031378,12257763,2997-6510,Kansas,Montgomery,Coffeyville,"37.032981, -95.615716",https://www.loc.gov/item/sn85031378/?st=calendar,74,1891-09-02,1893-09-01,TRUE,English,African American
"The Afro-American Citizen (Charleston, S.C.) 1899-1902",sn83025782,9797992,2166-1669,South Carolina,Charleston,Charleston,"32.77647, -79.931027",https://www.loc.gov/item/sn83025782/?st=calendar,1,1/17/00,1/17/00,TRUE,English,African American
"Afro-American Courier (Yazoo City, Miss.) 1926-19??",sn88067171,18201922,2694-6068,Mississippi,Yazoo,Yazoo City,"32.8472499, -90.4136515",https://www.loc.gov/item/sn88067171/?st=calendar,54,8/1/26,5/1/57,TRUE,English,African American
"Afro-Independent (St. Paul, Minn. ; Minneapolis, Minn.) 1888-1???",sn86058058,13351837,2996-3222,Minnesota,"Ramsey, Hennepin","Saint Paul, Minneapolis","44.9774859, -93.2643669",https://www.loc.gov/item/sn86058058/?st=calendar,1,1888-09-22,1888-09-22,TRUE,English,African American
"The Aliened American (Cleveland, Ohio) 1853-18??",sn83035397,9777824,2836-0982,Ohio,Cuyahoga,Cleveland,"41.5051414, -81.6914575",https://www.loc.gov/item/sn83035397/?st=calendar,1,1853-04-09,1853-04-09,TRUE,English,African American
"American Baptist (Louisville, Ky.) 1879-19??",sn93062854,27507899,1943-8885,Kentucky,Jefferson,Louisville,"38.256078, -85.751569",https://www.loc.gov/item/sn93062854/?st=calendar,37,4/10/03,12/23/04,TRUE,English,African American
The American Citizen (Baltimore [Md.]) 1879-1???,sn83027092,9948094,2832-7365,Maryland,,Baltimore,"39.290443, -76.612333",https://www.loc.gov/item/sn83027092/?st=calendar,1,1879-04-19,1879-04-19,TRUE,English,African American
"The American Citizen (Topeka, Kan.) 1888-1909",sn85032031,12759891,2994-838x,Kansas,"Shawnee, Wyandotte","Topeka, Kansas City","39.1127, -94.626804",https://www.loc.gov/item/sn85032031/?st=calendar,836,1888-02-23,8/2/07,TRUE,English,African American
"The American Eagle (St. Louis, Mo.) 1894-19??",sn84020143,10408010,2835-6373,Missouri,Saint Louis,Saint Louis,"38.635355, -90.2009855",https://www.loc.gov/item/sn84020143/?st=calendar,1,12/17/05,12/17/05,TRUE,English,African American
"The American Guide (Little Rock, Ark.) 1889-1???",sn83025496,9529432,2833-1931,Arkansas,Pulaski,Little Rock,"34.748745, -92.275105",https://www.loc.gov/item/sn83025496/?st=calendar,27,1896-03-28,1/27/00,TRUE,English,African American
"The American Negro (Springfield, Mo.) 1890-1890",sn83025434,9467380,2835-625x,Missouri,Greene,Springfield,"37.215521, -93.292361",https://www.loc.gov/item/sn83025434/?st=calendar,1,1890-10-25,1890-10-25,TRUE,English,African American
"The Appeal (Saint Paul, Minn. ; Minneapolis, Minn. ; Chicago, Ill.) 1889-19??",sn83016810,10157486,2163-7075,Minnesota,"Ramsey, Hennepin, Cook","Saint Paul, Minneapolis, Chicago","41.883229, -87.632398",https://www.loc.gov/item/sn83016810/?st=calendar,1558,1889-02-23,11/24/23,TRUE,English,African American
"The Appeal (Saint Paul, Minn. ; Minneapolis, Minn. ; Chicago, Ill.) 1889-19??",sn83016810,10157486,2163-7075,Illinois,"Ramsey, Hennepin, Cook","Saint Paul, Minneapolis, Chicago","41.883229, -87.632398",https://www.loc.gov/item/sn83016810/?st=calendar,1558,1889-02-23,11/24/23,TRUE,English,African American
"The Arizona Gleam (Phoenix, Ariz.) 1929-193?",sn95060626,33668826,2692-6881,Arizona,Maricopa,Phoenix,"33.448204, -112.0725848",https://www.loc.gov/item/sn95060626/?st=calendar,166,12/15/29,11/26/37,TRUE,English,African American
"Arizona Sun (Phoenix, Ariz.) 1942-196?",sn84021917,2701819,2692-692x,Arizona,Maricopa,Phoenix,"33.448204, -112.0725848",https://www.loc.gov/item/sn84021917/?st=calendar,793,7/7/44,12/27/63,TRUE,English,African American
"Arizona Tribune (Phoenix, Ariz.) 1958-197?",sn84021918,2712104,2692-6946,Arizona,Maricopa,Phoenix,"33.448204, -112.0725848",https://www.loc.gov/item/sn84021918/?st=calendar,275,7/25/58,12/27/63,TRUE,English,African American
"The Arkansas Freeman (Little Rock, Ark.) 1869-18??",sn83025492,9527477,2833-1915,Arkansas,Pulaski,Little Rock,"34.748745, -92.275105",https://www.loc.gov/item/sn83025492/?st=calendar,2,1869-09-28,1869-10-05,TRUE,English,African American
"Arkansas State Press (Little Rock, Ark.) 1941-1959",sn84025840,10434302,2994-3809,Arkansas,Pulaski,Little Rock,"34.748745, -92.275105",https://www.loc.gov/item/sn84025840/?st=calendar,893,5/9/41,10/30/59,TRUE,English,African American
"Arkansas Survey (Little Rock, Ark.) 1923-1935",sn92050012,25133882,2995-4592,Arkansas,Pulaski,Little Rock,"34.748745, -92.275105",https://www.loc.gov/item/sn92050012/?st=calendar,1,9/20/24,9/20/24,TRUE,English,African American
"Arkansas Survey-Journal (Little Rock, Ark.) 1935-195?",sn92050011,25133891,2995-4576,Arkansas,Pulaski,Little Rock,"34.748745, -92.275105",https://www.loc.gov/item/sn92050011/?st=calendar,1,9/28/40,9/28/40,TRUE,English,African American
"Arkansas Weekly Mansion (Little Rock, Ark.) 1880-1886",sn84020670,4065923,2995-4614,Arkansas,Pulaski,Little Rock,"34.748745, -92.275105",https://www.loc.gov/item/sn84020670/?st=calendar,42,1883-06-23,1885-11-21,TRUE,English,African American
"The Arkansas World (Little Rock, Ark.) 1940-1957",sn92050010,25133894,2995-4630,Arkansas,Pulaski,Little Rock,"34.748745, -92.275105",https://www.loc.gov/item/sn92050010/?st=calendar,1,9/21/40,9/21/40,TRUE,English,African American
"The Atchison Blade (Atchison, Kan.) 1892-1898",sn83040110,9473982,2997-6723,Kansas,Atchison,Atchison,"39.560903, -95.127377",https://www.loc.gov/item/sn83040110/?st=calendar,69,1892-07-23,1894-01-20,TRUE,English,African American
"The Athens Republique (Athens, Ga.) 1919-????",2012233098,"812195741, n812195741",2768-654x,Georgia,Athens-Clarke,Athens,"33.957412, -83.376798",https://www.loc.gov/item/2012233098/?st=calendar,19,1/15/21,3/27/26,TRUE,English,African American
"Atlanta Age (Atlanta, Ga.) 1898-19??",sn82014241,8790269,2833-535x,Georgia,Fulton,Atlanta,"33.748547, -84.391502",https://www.loc.gov/item/sn82014241/?st=calendar,1,1/13/00,1/13/00,TRUE,English,African American
"The Augusta Union (Augusta, Ga.) 1889-19??",sn83016240,2715348,2833-6917,Georgia,Richmond,Augusta,"33.472494, -81.964397",https://www.loc.gov/item/sn83016240/?st=calendar,1,1/27/00,1/27/00,TRUE,English,African American
"The Banner-Enterprise (Wilmington, N.C.) 1883-18??",sn87070090,16117652,2576-6902,North Carolina,"Wake, New Hanover","Raleigh, Wilmington","34.2367, -77.946197",https://www.loc.gov/item/sn87070090/?st=calendar,22,1883-04-19,1884-08-09,TRUE,English,African American
"The Baptist Headlight (Topeka, Kan.) 1893-1894",sn88086003,17338541,2994-8428,Kansas,Shawnee,Topeka,"39.050976, -95.670433",https://www.loc.gov/item/sn88086003/?st=calendar,28,1893-09-15,1894-08-08,TRUE,English,African American
"The Bee (Washington, D.C.) 1882-1884",sn84025890,10587821,2157-3298,District of Columbia,,Washington,"38.8920621, -77.0199124",https://www.loc.gov/item/sn84025890/?st=calendar,71,1882-06-10,1884-07-26,TRUE,English,African American
"The Benevolent Banner (North Topeka, Kan.) 1887-18??",sn85032037,12759902,2994-8460,Kansas,Shawnee,North Topeka,"39.07222, -95.66693",https://www.loc.gov/item/sn85032037/?st=calendar,17,1887-05-21,1887-10-22,TRUE,English,African American
The Black Republican (New Orleans [La.]) 1865-186?,sn83016563,9908183,2835-0774,Louisiana,Orleans,New Orleans,"29.9517634, -90.0746168",https://www.loc.gov/item/sn83016563/?st=calendar,5,1865-04-15,1865-05-20,TRUE,English,African American
"Black Republican and Office-Holder's Journal (New York, N.Y.) 18??-18??",sn85042252,12006614,2994-9785,New York,New York,New York,"40.7130466, -74.0072301",https://www.loc.gov/item/sn85042252/?st=calendar,1,1865-08-10,1865-08-10,TRUE,English,African American
"The Boston Advance (Boston, Mass.) 1896-1907",sn84025816,10338032,2836-8800,Massachusetts,Suffolk,Boston,"42.3589942, -71.0586293",https://www.loc.gov/item/sn84025816/?st=calendar,1,2/17/00,2/17/00,TRUE,English,African American
"The Boston Courant (Boston, Mass.) 1890-19??",sn84025817,10337702,2836-8827,Massachusetts,Suffolk,Boston,"42.3589942, -71.0586293",https://www.loc.gov/item/sn84025817/?st=calendar,1,1/6/00,1/6/00,TRUE,English,African American
"The Broad Ax (Salt Lake City, Utah; Chicago, Ill.) 1895-19??",sn84024055,10392922,2163-7202,Illinois,"Cook County, Salt Lake County","Chicago, Salt Lake City","40.758478, -111.888142",https://www.loc.gov/item/sn84024055/?st=calendar,1661,1895-08-31,9/10/27,TRUE,English,African American
"The Broad Ax (Salt Lake City, Utah; Chicago, Ill.) 1895-19??",sn84024055,10392922,2163-7202,Utah,"Cook County, Salt Lake County","Chicago, Salt Lake City","40.758478, -111.888142",https://www.loc.gov/item/sn84024055/?st=calendar,1661,1895-08-31,9/10/27,TRUE,English,African American
"The Bulletin (Louisville, Ky.) 18??-18??",sn83016361,9745888,2835-0685,Kentucky,Jefferson,Louisville,"38.256078, -85.751569",https://www.loc.gov/item/sn83016361/?st=calendar,1,1881-09-24,1881-09-24,TRUE,English,African American
"The Bystander (Des Moines, Iowa) 1916-1922",sn85049804,2258813,2332-4554,Iowa,Polk,Des Moines,"41.588822, -93.620309",https://www.loc.gov/item/sn85049804/?st=calendar,303,1/21/16,12/31/21,TRUE,English,African American
"The Carolina News (Forest City, N.C. ; Harris, N.C.) 1952-19??",sn98058906,38214323,2769-1438,North Carolina,Rutherford,"Forest City, Harris","35.303729, -79.535158",https://www.loc.gov/item/sn98058906/?st=calendar,1,4/1/52,4/1/52,,English,African American
"The Carolina Tribune (Raleigh, N.C.) 19??-1940",sn92072999,25587012,2769-1411,North Carolina,Wake,Raleigh,"35.7813033, -78.6416795",https://www.loc.gov/item/sn92072999/?st=calendar,3,3/2/35,6/3/39,TRUE,English,African American
"Cayton's Monthly (Seattle, Wash.) 1921-1921",sn87093354,17248383,2159-5569,Washington,King,Seattle,"47.603229, -122.33028",https://www.loc.gov/item/sn87093354/?st=calendar,2,2/1/21,3/1/21,TRUE,English,African American
"Cayton's Weekly (Seattle, Wash.) 1916-1921",sn87093353,17248379,2158-4699,Washington,King,Seattle,"47.603229, -122.33028",https://www.loc.gov/item/sn87093353/?st=calendar,186,7/14/17,1/29/21,TRUE,English,African American
"The Century Voice (Yazoo City, Miss.) 194?-19??",sn88067172,18201974,2694-6319,Mississippi,Yazoo,Yazoo City,"32.8472499, -90.4136515",https://www.loc.gov/item/sn88067172/?st=calendar,44,8/1/42,2/1/63,TRUE,English,African American
"The Charleston Advocate (Charleston, S.C.) 1867-1868",sn83025784,9803264,2166-1707,South Carolina,Charleston,Charleston,"32.77647, -79.931027",https://www.loc.gov/item/sn83025784/?st=calendar,25,1867-02-23,1868-12-05,TRUE,English,African American
"The Chicago Illinois Idea (Chicago, Ill.) 19??-19??",sn90053126,23103639,2769-5395,Illinois,Cook County,Chicago,"41.883229, -87.632398",https://www.loc.gov/item/sn90053126/?st=calendar,1,10/28/16,10/28/16,TRUE,English,African American
"The Chicago Reflector (Chicago, Ill.) 1896-1???",sn91055768,23257134,2769-5980,Illinois,Cook County,Chicago,"41.883229, -87.632398",https://www.loc.gov/item/sn91055768/?st=calendar,1,1897-10-16,1897-10-16,TRUE,English,African American
"The Chicago Whip (Chicago, Ill.) 1919-19??",sn86056950,15192974,2694-099x,Illinois,Cook County,Chicago,"41.883229, -87.632398",https://www.loc.gov/item/sn86056950/?st=calendar,177,6/24/19,10/10/31,TRUE,English,African American
"The Chicago World (Chicago, Ill.) 1900-19??",sn84025819,10337738,2836-8894,Illinois,Cook,Chicago,"41.883229, -87.632398",https://www.loc.gov/item/sn84025819/?st=calendar,1,1/27/00,1/27/00,TRUE,English,African American
"Chicago World (Chicago, Ill.) 1918-????",sn91055455,24283548,2694-1066,Illinois,Cook,Chicago,"41.883229, -87.632398",https://www.loc.gov/item/sn91055455/?st=calendar,61,6/23/34,2/4/50,TRUE,English,African American
"The Christian Banner (Philadelphia, Pa.) 1888-19??",sn83027087,9869515,2835-8899,Pennsylvania,Philadelphia,Philadelphia,"39.9510605, -75.1656204",https://www.loc.gov/item/sn83027087/?st=calendar,1,1/12/00,1/12/00,TRUE,English,African American
"The Cleveland Gazette (Cleveland, Ohio) 1883-1892",sn83035386,9754948,2998-3452,Ohio,Cuyahoga,Cleveland,"41.5051414, -81.6914575",https://www.loc.gov/item/sn83035386/?st=calendar,480,1883-08-25,1892-11-05,TRUE,English,African American
"The Colorado Statesman (Denver, Colo.) 1895-1961",sn83025514,9541391,2770-5285,Colorado,Denver,Denver,"39.738453, -104.984853",https://www.loc.gov/item/sn83025514/?st=calendar,1000,1/27/00,8/16/24,TRUE,English,African American
"The Colored American (Washington, D.C.) 1893-19??",sn83027091,9948037,1940-7416,District of Columbia,,Washington,"38.8920621, -77.0199124",https://www.loc.gov/item/sn83027091/?st=calendar,241,1894-08-11,11/12/04,TRUE,English,African American
"The Colored American (Augusta, Ga.) 1865-1866",sn82014351,8780206,2833-5481,Georgia,Richmond,Augusta,"33.472494, -81.964397",https://www.loc.gov/item/sn82014351/?st=calendar,3,1865-12-30,1866-01-13,TRUE,English,African American
"The Colored Citizen (Cincinnati, O. [Ohio]) 1863-18??",sn83027095,10005063,2835-964x,Ohio,Hamilton,Cincinnati,"39.12711, -84.51439",https://www.loc.gov/item/sn83027095/?st=calendar,1,1866-05-19,1866-05-19,TRUE,English,African American
"Colored Citizen (Fort Scott, Kan.) 1878-1880",sn83040558,2639508,,Kansas,"Bourbon, Shawnee","Fort Scott, Topeka","39.050976, -95.670433",https://www.loc.gov/item/sn83040558/?st=calendar,84,1878-04-19,1879-12-27,TRUE,English,African American
"The Colored Citizen (Topeka, Kan.) 1897-1900",sn85067023,12771625,2693-5376,Kansas,Shawnee,Topeka,"39.050976, -95.670433",https://www.loc.gov/item/sn85067023/?st=calendar,91,1897-06-17,11/16/00,TRUE,English,African American
"The Colored Citizen (Helena, Mont.) 1894-1894",sn84036198,11254796,2326-9685,Montana,Lewis and Clark,Helena,"46.5910708, -112.0203973",https://www.loc.gov/item/sn84036198/?st=calendar,10,1894-09-03,1894-11-05,TRUE,English,African American
"The Colored Patriot (Topeka, Kan.) 1882-18??",sn85067024,12771653,2994-8517,Kansas,Shawnee,Topeka,"39.050976, -95.670433",https://www.loc.gov/item/sn85067024/?st=calendar,9,1882-04-20,1882-06-22,TRUE,English,African American
"The Colored Tennessean (Nashville, Tenn.) 1865-1866",sn83025745,9773024,2835-7477,Tennessee,Davidson,Nashville,"36.1663493, -86.7790541",https://www.loc.gov/item/sn83025745/?st=calendar,5,1865-08-12,1866-03-31,TRUE,English,African American
"The Colored Visitor (Logansport, Ind.) 1879-18??",sn82016213,9202276,2833-8669,Indiana,Cass,Logansport,"40.754493, -86.362997",https://www.loc.gov/item/sn82016213/?st=calendar,1,1879-08-01,1879-08-01,TRUE,English,African American
"Columbus Chronicle (Columbus, Ga.) 1895-1900",sn83016189,9613829,2833-6666,Georgia,Muscogee,Columbus,"32.466682, -84.990405",https://www.loc.gov/item/sn83016189/?st=calendar,1,1/27/00,1/27/00,TRUE,English,African American
"Columbus Standard (Columbus, Ohio) 1898-1901",sn84025831,10372298,2996-6442,Ohio,Franklin,Columbus,"39.962762, -82.996291",https://www.loc.gov/item/sn84025831/?st=calendar,1,7/27/01,7/27/01,TRUE,English,African American
"The Commonwealth (Baltimore, Md.) 1915-19??",sn83027090,9902528,2832-7330,Maryland,,Baltimore,"39.290443, -76.612333",https://www.loc.gov/item/sn83027090/?st=calendar,6,7/24/15,9/4/15,TRUE,English,African American
"The Community Citizen (New Albany, Miss.) 19??-19??",sn88067103,17388230,2694-6394,Mississippi,Union,New Albany,"34.49397, -89.008381",https://www.loc.gov/item/sn88067103/?st=calendar,6,11/17/55,1/8/59,TRUE,English,African American
"The Concordia Eagle (Vidalia, La.) 1873-1890",sn83016716,10024403,2163-7040,Louisiana,Concordia,Vidalia,"31.569337, -91.435766",https://www.loc.gov/item/sn83016716/?st=calendar,17,1875-10-02,1885-07-04,TRUE,English,African American
"Connecticut Chronicle (Hartford, Conn.) 194?-194?",sn92051345,26273329,2642-7109,Connecticut,Hartford,Hartford,"41.765775, -72.673356",https://www.loc.gov/item/sn92051345/?st=calendar,1,6/5/48,6/5/48,TRUE,English,African American
"The Conservator (Chicago, Ill.) 18??-1???",sn84024048,10356720,2836-1210,Illinois,Cook County,Chicago,"41.883229, -87.632398",https://www.loc.gov/item/sn84024048/?st=calendar,4,1882-11-18,1886-12-18,TRUE,English,African American
"The Crusader (New Orleans, La.) 1889-189?",sn83016562,9908127,2835-074x,Louisiana,Orleans,New Orleans,"29.9517634, -90.0746168",https://www.loc.gov/item/sn83016562/?st=calendar,1,1890-07-19,1890-07-19,TRUE,English,African American
"Daily American Citizen (Kansas City, Kan.) 1898-1900",sn85066912,12994512,,Kansas,Wyandotte,Kansas City,"39.1127, -94.626804",https://www.loc.gov/item/sn85066912/?st=calendar,58,1898-12-15,4/24/00,TRUE,English,African American
"The Daily Bulletin (Dayton, Ohio) 1942-1946",sn84024221,11272712,2770-8713,Ohio,Montgomery,Dayton,"39.760982, -84.192203",https://www.loc.gov/item/sn84024221/?st=calendar,612,9/1/44,9/27/46,TRUE,English,African American
"The Daily Express (Dayton, Ohio) 1950-1955",sn88077225,17538515,2766-760x,Ohio,Montgomery,Dayton,"39.760982, -84.192203",https://www.loc.gov/item/sn88077225/?st=calendar,362,11/16/50,5/26/52,TRUE,English,African American
"Daily National Era (Washington, D.C.) 1854-1854",sn86053546,4364562,2471-5328,District of Columbia,,Washington,"38.8920621, -77.0199124",https://www.loc.gov/item/sn86053546/?st=calendar,185,1854-01-02,1854-08-05,TRUE,English,African American
"The Daily News of the Virgin Islands (Charlotte Amalie, St. Thomas, V.I.) 1955-1978",sn83025327,9391862,2996-9131,Virgin Islands,Saint Thomas,Charlotte Amalie,"18.3419, -64.9307",https://www.loc.gov/item/sn83025327/?st=calendar,567,1/2/62,12/31/63,TRUE,English,"African American, Caribbean"
"The Daily Republican (Seattle, Wash.) 18??-189?",sn87093449,17291877,2158-4710,Washington,King,Seattle,"47.603229, -122.33028",https://www.loc.gov/item/sn87093449/?st=calendar,2,1896-02-26,1896-03-02,TRUE,English,African American
"The Dallas Express (Dallas, Tex.) 1893-1970",sn83025779,9839625,2331-334x,Texas,"Dallas, Harris","Dallas, Houston","29.7608026, -95.3695062",https://www.loc.gov/item/sn83025779/?st=calendar,183,1/13/00,12/30/22,TRUE,English,African American
"The Dayton Forum (Dayton, Ohio) 1913-1949",sn84024234,11323316,2766-7642,Ohio,Montgomery,Dayton,"39.760982, -84.192203",https://www.loc.gov/item/sn84024234/?st=calendar,415,6/7/18,10/31/46,TRUE,English,African American
The Defender (Philadelphia ; Bryn Mawr [Pa.]) 1897-19??,sn83027088,9885792,2835-8929,Pennsylvania,"Philadelphia, Montgomery","Philadelphia, Bryn Mawr","40.022711, -75.320873",https://www.loc.gov/item/sn83027088/?st=calendar,1,1/27/00,1/27/00,TRUE,English,African American
"The Delta Leader (Greenville, Miss.) 1939-19??",sn87065122,15155009,2765-866x,Mississippi,Washington,Greenville,"33.399438, -91.053463",https://www.loc.gov/item/sn87065122/?st=calendar,3,12/19/43,1/16/55,TRUE,English,African American
"The Denver Star (Denver, Colo.) 1913-1963",sn84025887,10571156,2577-2376,Colorado,Denver,Denver,"39.738453, -104.984853",https://www.loc.gov/item/sn84025887/?st=calendar,291,3/22/13,10/26/18,TRUE,English,African American
"The Detroit Informer (Detroit, Mich.) 1897-19??",sn83016519,9873707,2832-9910,Michigan,Wayne,Detroit,"42.3329407, -83.0478365",https://www.loc.gov/item/sn83016519/?st=calendar,1,1/13/00,1/13/00,TRUE,English,African American
"Detroit Tribune (Detroit, Mich.) 1933-1933",sn83016294,9671902,2577-2538,Michigan,Wayne,Detroit,"42.3329407, -83.0478365",https://www.loc.gov/item/sn83016294/?st=calendar,37,4/14/33,12/23/33,TRUE,English,African American
"The Detroit Tribune (Detroit, Mich.) 1935-1966",sn92063852,26654010,2577-350x,Michigan,Wayne,Detroit,"42.3329407, -83.0478365",https://www.loc.gov/item/sn92063852/?st=calendar,1450,9/14/35,12/28/63,TRUE,English,African American
The Echo (St. Martinsville [i.e. St. Martinville] La.) 1872-1878,sn83027096,10028714,2641-8142,Louisiana,Saint Martin,Saint Martinville,"30.123699, -91.828224",https://www.loc.gov/item/sn83027096/?st=calendar,1,1873-03-15,1873-03-15,TRUE,"English, French",African American
"The Echo (Meridian, Miss.) 1942-1960",sn88067047,17538016,2765-9348,Mississippi,Lauderdale,Meridian,"32.365047, -88.703606",https://www.loc.gov/item/sn88067047/?st=calendar,458,1/16/42,12/15/56,TRUE,English,African American
"The Educator (Fayetteville, N.C.) 1874-1875",2020236717,"1139521043, n1139521043",2769-0768,North Carolina,Cumberland,Fayetteville,"35.054417, -78.883659",https://www.loc.gov/item/2020236717/?st=calendar,48,1874-09-26,1875-09-25,TRUE,English,African American
"The Elevator (San Francisco, Calif.) 1865-1???",sn83027101,10106877,2994-6042,California,San Francisco,San Francisco,"37.7800771, -122.4201615",https://www.loc.gov/item/sn83027101/?st=calendar,1,1888-09-08,1888-09-08,TRUE,English,African American
"The Enterprise (Omaha, Neb.) 1893-1914",sn84020277,10529510,2835-4567,Nebraska,Douglas,Omaha,"41.258652, -95.937195",https://www.loc.gov/item/sn84020277/?st=calendar,1,1/12/00,1/12/00,TRUE,English,African American
"The Enterprise (Seattle, Wash.) 192?-1930",sn87093375,17273968,2831-5995,Washington,King,Seattle,"47.603229, -122.33028",https://www.loc.gov/item/sn87093375/?st=calendar,98,10/8/26,12/27/28,TRUE,English,African American
"The Evening Call (Topeka, Kan.) 1891-1893",sn85032047,12849982,2994-8533,Kansas,Shawnee,Topeka,"39.050976, -95.670433",https://www.loc.gov/item/sn85032047/?st=calendar,15,1893-06-13,1893-07-08,TRUE,English,African American
"The Florida Evangelist (Jacksonville, Fla.) 1896-1902",sn82016146,9169447,2833-8502,Florida,Duval,Jacksonville,"30.325968, -81.65676",https://www.loc.gov/item/sn82016146/?st=calendar,1,1/20/00,1/20/00,TRUE,English,African American
"The Florida Sentinel (Pensacola, Fla.) 1887-1???",sn98062577,40250476,,Florida,Escambia,Pensacola,"30.4068966, -87.2175711",https://www.loc.gov/item/sn98062577/?st=calendar,1,1/26/00,1/26/00,TRUE,English,African American
"The Forrest City Herald (Forrest City, St. Francis County, Ark.) 1896-18??",sn90050374,22971599,2995-5246,Arkansas,Saint Francis,Forrest City,"35.0092348, -90.7852627",https://www.loc.gov/item/sn90050374/?st=calendar,7,1896-02-29,1896-04-11,TRUE,English,African American
"The Forum (Springfield, Ill.; Springfield, Ill. ; Peoria, Ill.) 1904-192?",sn86086415,13346960,2694-1139,Illinois,"Sangamon County, Peoria County","Springfield, Peoria","40.694592, -89.590362",https://www.loc.gov/item/sn86086415/?st=calendar,392,2/3/06,6/30/17,TRUE,English,African American
"Franklin's Paper the Denver Star (Denver, Colo.) 1912-1913",sn91052312,23238228,2577-235x,Colorado,Denver,Denver,"39.738453, -104.984853",https://www.loc.gov/item/sn91052312/?st=calendar,17,11/23/12,3/15/13,TRUE,English,African American
"Franklin's Paper the Statesman (Denver, Colo.) 1906-1912",sn91052311,23238142,2577-2333,Colorado,Denver,Denver,"39.738453, -104.984853",https://www.loc.gov/item/sn91052311/?st=calendar,335,6/8/06,11/16/12,TRUE,English,African American
"Frederick Douglass' Paper (Rochester, N.Y.) 1851-18??",sn84026366,10426474,,New York,Monroe,Rochester,"43.155708, -77.612547",https://www.loc.gov/item/sn84026366/?st=calendar,230,1851-06-26,1860-06-08,,English,African American
"The Free American (Columbus, Ohio) 1887-18??",sn85042465,12497479,2832-997x,Ohio,Franklin,Columbus,"39.962762, -82.996291",https://www.loc.gov/item/sn85042465/?st=calendar,1,1887-03-19,1887-03-19,TRUE,English,African American
"The Free Citizen (Orangeburg, S.C.) 1874-1876",sn92065529,25757236,2165-7742,South Carolina,Orangeburg,Orangeburg,"33.487414, -80.863927",https://www.loc.gov/item/sn92065529/?st=calendar,19,1875-03-06,1876-05-27,TRUE,English,African American
"The Free Man's Press (Austin, Tex.) 1868-1868",sn83025751,9791586,2835-852x,Texas,"Travis, Galveston","Austin, Galveston","29.300128, -94.795846",https://www.loc.gov/item/sn83025751/?st=calendar,6,1868-08-01,1868-10-24,TRUE,English,African American
"The Free Press (Charleston, S.C.) 1868-186?",sn83025795,9803310,2166-1715,South Carolina,Charleston,Charleston,"32.77647, -79.931027",https://www.loc.gov/item/sn83025795/?st=calendar,2,1868-04-05,1868-04-11,TRUE,English,African American
"The Free State (Brandon, Miss.) 1898-19??",sn84025823,10347200,2836-905x,Mississippi,Rankin,Brandon,"32.272828, -89.97095",https://www.loc.gov/item/sn84025823/?st=calendar,1,1/20/00,1/20/00,TRUE,English,African American
"The Freedman's Press (Austin, Tex.) 1868-1868",sn83025750,9788265,2835-849x,Texas,Travis,Austin,"30.264979, -97.746598",https://www.loc.gov/item/sn83025750/?st=calendar,1,1868-07-18,1868-07-18,TRUE,English,African American
The Freeman (New York [N.Y.]) 1884-1884,sn83027103,10126348,2998-1352,New York,New York,New York,"40.7130466, -74.0072301",https://www.loc.gov/item/sn83027103/?st=calendar,3,1884-11-22,1884-12-06,,English,African American
The Freeman (Indianapolis [Ind.]) 1884-1927,sn82016211,9201961,2997-5794,Indiana,Marion,Indianapolis,"39.76845, -86.156212",https://www.loc.gov/item/sn82016211/?st=calendar,1468,1886-12-02,12/30/16,TRUE,English,African American
"The Freeman's Journal (Galveston, Tex) 1887-1891",sn83025776,9839575,2996-8186,Texas,Galveston,Galveston,"29.300128, -94.795846",https://www.loc.gov/item/sn83025776/?st=calendar,1,1889-08-17,1889-08-17,TRUE,English,African American
"The Future Outlook (Greensboro, N.C.) 1941-1972",sn97064597,38214459,2766-6220,North Carolina,Guilford,Greensboro,"36.072701, -79.793899",https://www.loc.gov/item/sn97064597/?st=calendar,113,10/30/41,8/16/63,,English,African American
"The Gary American (Gary, Ind.) 1928-Current",sn86058053,13231213,,Indiana,Lake,Gary,"41.601967, -87.349684",https://www.loc.gov/item/sn86058053/?st=calendar,1492,3/22/28,12/27/63,TRUE,English,African American
"The Gary Colored American (Gary, Ind.) 1927-1928",sn86058052,13231111,,Indiana,Lake,Gary,"41.601967, -87.349684",https://www.loc.gov/item/sn86058052/?st=calendar,13,11/10/27,2/16/28,TRUE,English,African American
"The Gazette (Raleigh, N.C.) 18??-1???",sn83027097,10033391,2474-3143,North Carolina,Wake,Raleigh,"35.7813033, -78.6416795",https://www.loc.gov/item/sn83027097/?st=calendar,66,1891-10-24,1898-02-19,TRUE,English,African American
"The Gazette (Cleveland, Ohio) 1892-194?",sn83035387,9754970,2836-094x,Ohio,Cuyahoga,Cleveland,"41.5051414, -81.6914575",https://www.loc.gov/item/sn83035387/?st=calendar,2572,1892-11-12,5/19/45,TRUE,English,African American
"The Gazette and Land Bulletin (Waycross ; Brunswick, Ga. ; Tampa, Fla.) 1896-19??",sn83016194,9617038,2833-6704,Georgia,"Ware, Glynn, Hillsborough","Waycross, Brunswick, Tampa","27.947423, -82.458776",https://www.loc.gov/item/sn83016194/?st=calendar,1,1/27/00,1/27/00,TRUE,English,African American
"The Gazette and Land Bulletin (Waycross ; Brunswick, Ga. ; Tampa, Fla.) 1896-19??",sn83016194,9617038,2833-6704,Florida,"Ware, Glynn, Hillsborough","Waycross, Brunswick, Tampa","27.947423, -82.458776",https://www.loc.gov/item/sn83016194/?st=calendar,1,1/27/00,1/27/00,TRUE,English,African American
"The Georgetown Planet (Georgetown, S.C.) 1873-1875",sn83025798,9804903,2166-174x,South Carolina,Georgetown,Georgetown,"33.378113, -79.297079",https://www.loc.gov/item/sn83025798/?st=calendar,1,1873-05-31,1873-05-31,TRUE,English,African American
"The Golden Rule (Vicksburg, Miss.) 1898-19??",sn84025825,10354367,2576-4667,Mississippi,Warren,Vicksburg,"32.348144, -90.882456",https://www.loc.gov/item/sn84025825/?st=calendar,2,1899-01-14,1/27/00,TRUE,English,African American
"The Guardian (Boston, Mass.) 1901-1960",sn83045863,9930768,2996-1319,Massachusetts,Suffolk,Boston,"42.3589942, -71.0586293",https://www.loc.gov/item/sn83045863/?st=calendar,943,1/7/39,4/20/57,TRUE,English,African American
"The Guide (Oklahoma City, Okla. Territory) 1897-1903",sn83025110,9244209,,Oklahoma,Oklahoma,Oklahoma City,"35.468494, -97.521264",https://www.loc.gov/item/sn83025110/?st=calendar,169,1898-10-06,8/1/03,TRUE,English,African American
"Hartford Chronicle (Hartford, Conn.) 194?-1947",sn92051342,26273304,2642-7125,Connecticut,Hartford,Hartford,"41.765775, -72.673356",https://www.loc.gov/item/sn92051342/?st=calendar,55,4/20/46,5/3/47,TRUE,English,African American
"Hartford-Springfield Chronicle (Springfield, Mass.) 1940-194?",sn95063011,31813207,2688-9102,Massachusetts,Hampden,Springfield,"42.102051, -72.585757",https://www.loc.gov/item/sn95063011/?st=calendar,1,6/15/40,6/15/40,TRUE,English,African American
"Herald of Kansas (Topeka, Kan.) 1880-1880",sn85067225,12788920,2994-855x,Kansas,Shawnee,Topeka,"39.050976, -95.670433",https://www.loc.gov/item/sn85067225/?st=calendar,16,1880-02-13,1880-06-11,TRUE,English,African American
"The Historic Times (Lawrence, Kansas) 1891-1891",sn84029656,11173199,2994-8630,Kansas,Douglas,Lawrence,"38.9731544, -95.2382481",https://www.loc.gov/item/sn84029656/?st=calendar,18,1891-07-11,1891-11-14,TRUE,English,African American
"The Home Journal (Charlotte Amalie, St. Thomas, V.I.) 1951-1973",sn84037503,10443618,2996-9158,Virgin Islands,Saint Thomas,Charlotte Amalie,"18.3419, -64.9307",https://www.loc.gov/item/sn84037503/?st=calendar,784,2/4/52,12/31/58,TRUE,English,"African American, Caribbean"
"Hot Springs Echo (Hot Springs, Ark.) 1???-19??",sn89051273,19988117,2997-5360,Arkansas,Garland,Hot Springs,"34.502785, -93.055659",https://www.loc.gov/item/sn89051273/?st=calendar,12,8/12/05,2/1/36,TRUE,English,African American
"Huntsville Gazette (Huntsville, Ala.) 1879-1894",sn84020151,2710177,2575-1271,Alabama,Madison,Huntsville,"34.7295402, -86.5853044",https://www.loc.gov/item/sn84020151/?st=calendar,706,1881-06-18,1894-12-29,TRUE,English,African American
"The Huntsville Star (Huntsville, Ala.) 1900-19??",sn83025483,9525997,2835-6403,Alabama,Madison,Huntsville,"34.7295402, -86.5853044",https://www.loc.gov/item/sn83025483/?st=calendar,1,1/26/00,1/26/00,TRUE,English,African American
"The Illinois Record (Springfield, Ill.) 1897-1???",sn84024172,10601352,,Illinois,Sangamon County,Springfield,"39.79936, -89.643624",https://www.loc.gov/item/sn84024172/?st=calendar,77,1897-11-06,1899-04-22,TRUE,English,African American
"The Illinois Times (Champaign, Ill.) 19??-19??",sn88061252,18609544,2694-1155,Illinois,Champaign County,Champaign,"40.116328, -88.243522",https://www.loc.gov/item/sn88061252/?st=calendar,132,10/14/49,9/20/63,TRUE,English,African American
"The Independent (Houston, Tex.) 1898-19??",sn83025786,9839546,2835-8554,Texas,Harris,Houston,"29.7608026, -95.3695062",https://www.loc.gov/item/sn83025786/?st=calendar,1,1/27/00,1/27/00,TRUE,English,African American
"The Indianapolis Leader (Indianapolis, Ind.) 1879-1890",sn84027490,11257023,2332-2527,Indiana,Marion,Indianapolis,"39.76845, -86.156212",https://www.loc.gov/item/sn84027490/?st=calendar,117,1879-08-30,1882-06-24,TRUE,English,African American
"The Indianapolis World (Indianapolis, Ind.; Indianapolis, Indiana) 188?-19??",sn82016212,9202154,2833-8561,Indiana,Marion,Indianapolis,"39.76845, -86.156212",https://www.loc.gov/item/sn82016212/?st=calendar,1,1/27/00,1/27/00,TRUE,English,African American
"Iowa Baptist Standard (Des Moines, Iowa) 1897-1???",sn83025198,9305522,2832-9686,Iowa,Polk,Des Moines,"41.588822, -93.620309",https://www.loc.gov/item/sn83025198/?st=calendar,1,1897-05-21,1897-05-21,TRUE,English,African American
"Iowa State Bystander (Des Moines, Iowa) 1894-1916",sn83025186,9304215,2332-452x,Iowa,Polk,Des Moines,"41.588822, -93.620309",https://www.loc.gov/item/sn83025186/?st=calendar,1105,1894-06-15,1/14/16,TRUE,English,African American
"The Item (Dallas, Tex.) 1891-1900",sn83025788,9839595,2835-8619,Texas,Dallas,Dallas,"32.7779765, -96.7962148",https://www.loc.gov/item/sn83025788/?st=calendar,1,1/27/00,1/27/00,TRUE,English,African American
"Jackson Advocate (Jackson, Miss.) 1939-Current",sn79000083,4701538,0047-1704,Mississippi,Hinds,Jackson,"32.302897, -90.183488",https://www.loc.gov/item/sn79000083/?st=calendar,1087,8/2/41,12/21/63,TRUE,English,African American
"The Jackson Headlight (Jackson, Tenn.) 1900-19??",sn83025727,9765547,2835-7396,Tennessee,Madison,Jackson,"35.614344, -88.81938",https://www.loc.gov/item/sn83025727/?st=calendar,1,1/27/00,1/27/00,TRUE,English,African American
"The Journal of Industry (Raleigh, N.C.) 1879-1???",sn92072981,25557526,2475-0654,North Carolina,Wake,Raleigh,"35.7813033, -78.6416795",https://www.loc.gov/item/sn92072981/?st=calendar,2,1879-04-01,1880-10-09,TRUE,English,African American
"Justice (Chattanooga, Tenn.) 1887-18??",sn83025741,9772116,2835-7434,Tennessee,Hamilton,Chattanooga,"35.045756, -85.308287",https://www.loc.gov/item/sn83025741/?st=calendar,1,1887-12-24,1887-12-24,TRUE,English,African American
"The Kansas Blackman (Topeka, Kan.) 1894-1???",sn85067074,12770657,2994-8762,Kansas,"Shawnee, Montgomery","Topeka, Coffeyville","37.032981, -95.615716",https://www.loc.gov/item/sn85067074/?st=calendar,11,1894-04-20,1894-06-29,TRUE,English,African American
"Kansas City Observer (Kansas City, Mo.) 1896-19??",sn83025495,9529378,2835-6330,Missouri,Jackson,Kansas City,"39.099792, -94.578559",https://www.loc.gov/item/sn83025495/?st=calendar,1,1/27/00,1/27/00,TRUE,English,African American
"The Kansas City Sun (Kansas City, Mo.) 1908-1924",sn90061556,21244408,2166-8329,Missouri,Jackson,Kansas City,"39.099792, -94.578559",https://www.loc.gov/item/sn90061556/?st=calendar,360,1/10/14,12/25/20,TRUE,English,African American
"The Kansas Headlight (Wichita, Kan.) 1894-1894",sn85032460,12714539,2994-8789,Kansas,Sedgwick,Wichita,"37.6860234, -97.335571",https://www.loc.gov/item/sn85032460/?st=calendar,1,1894-09-14,1894-09-14,TRUE,English,African American
"The Kansas State Ledger (Topeka, Kan.) 1892-1894",sn85067105,12789167,,Kansas,Shawnee,Topeka,"39.050976, -95.670433",https://www.loc.gov/item/sn85067105/?st=calendar,166,1892-07-22,1895-10-11,,English,African American
"Kansas Weekly Herald (Topeka, Kan.) 1880-1880",sn85067092,12851084,2994-8576,Kansas,Shawnee,Topeka,"39.050976, -95.670433",https://www.loc.gov/item/sn85067092/?st=calendar,2,1880-01-30,1880-02-06,TRUE,English,African American
"Kentucky Reporter (Owensboro, Ky.) 1???-19??",sn86069325,13922717,1943-8923,Kentucky,Daviess,Owensboro,"37.772696, -87.111033",https://www.loc.gov/item/sn86069325/?st=calendar,1,3/22/02,3/22/02,TRUE,English,African American
"The Knoxville Negro World (Knoxville, Tenn.) 1887-1888",sn83025748,9773383,2996-6574,Tennessee,Knox,Knoxville,"35.9626444, -83.9167239",https://www.loc.gov/item/sn83025748/?st=calendar,1,1887-11-26,1887-11-26,TRUE,English,African American
L'union (Nouvelle-Orléans [La.]) 1862-1864,sn83026401,9990651,2835-8872,Louisiana,Orleans,New Orleans,"29.9517634, -90.0746168",https://www.loc.gov/item/sn83026401/?st=calendar,101,1862-09-27,1864-07-19,TRUE,"English, French",African American
"The Langston City Herald (Langston City, O.T. [Okla.]) 1891-1902",sn83025050,9227089,2158-8929,Oklahoma,Logan,"Langston, Guthrie","35.880122, -97.425319",https://www.loc.gov/item/sn83025050/?st=calendar,67,1892-11-17,1/27/00,TRUE,English,African American
"The Laurinburg Post (Laurinburg, N.C.) 1895-1???",sn91068174,24532239,2769-139x,North Carolina,Scotland,Laurinburg,"34.774167, -79.462818",https://www.loc.gov/item/sn91068174/?st=calendar,1,1895-12-21,1895-12-21,,English,African American
"Le Dimanche (Nouvelle-Orléans [i.e. New Orleans, La.]) 1861-1876",sn83016654,9961481,2996-0592,Louisiana,Orleans,New Orleans,"29.9517634, -90.0746168",https://www.loc.gov/item/sn83016654/?st=calendar,1,1861-02-10,1861-02-10,TRUE,French,African American
"The Leader (Washington, D.C.) 1889-18??",sn84025835,10373277,2995-8989,District of Columbia,,"Washington, Alexandria","38.804665, -77.043614",https://www.loc.gov/item/sn84025835/?st=calendar,6,1889-10-12,1889-12-21,TRUE,English,African American
"The Leader (Washington, D.C.) 1889-18??",sn84025835,10373277,2995-8989,Virginia,,"Washington, Alexandria","38.804665, -77.043614",https://www.loc.gov/item/sn84025835/?st=calendar,6,1889-10-12,1889-12-21,TRUE,English,African American
"The Leavenworth Advocate (Leavenworth, Kan.) 1889-1891",sn85029302,12101792,,Kansas,Leavenworth,Leavenworth,"39.32746, -94.918953",https://www.loc.gov/item/sn85029302/?st=calendar,101,1889-09-21,1891-08-22,TRUE,English,African American
"The Leavenworth Herald (Leavenworth, Kansas) 1894-1899",sn85029234,12101951,,Kansas,Leavenworth,Leavenworth,"39.32746, -94.918953",https://www.loc.gov/item/sn85029234/?st=calendar,182,1894-02-17,1898-04-23,TRUE,English,African American
"The Lexington Standard (Lexington, Ky.) 1892-1912",sn83025729,9765671,2157-1384,Kentucky,Fayette,Lexington,"38.046356, -84.497021",https://www.loc.gov/item/sn83025729/?st=calendar,9,1/27/00,12/16/11,TRUE,English,African American
"Lexington Weekly News (Lexington, Ky.) 1912-19??",sn86069070,13244309,2332-4627,Kentucky,Fayette,Lexington,"38.046356, -84.497021",https://www.loc.gov/item/sn86069070/?st=calendar,3,3/15/12,8/17/12,TRUE,English,African American
"The Light (Vicksburg, Miss.) 1891-19??",sn84025824,10347312,2836-9076,Mississippi,Warren,Vicksburg,"32.348144, -90.882456",https://www.loc.gov/item/sn84025824/?st=calendar,1,1/18/00,1/18/00,TRUE,English,African American
"The Little Rock Reporter (Little Rock, Ark.) 1901-1906",sn92050009,25133899,2995-5262,Arkansas,Pulaski,Little Rock,"34.748745, -92.275105",https://www.loc.gov/item/sn92050009/?st=calendar,1,2/27/04,2/27/04,TRUE,English,African American
"The Louisianian (New Orleans, La.) 1870-1871",sn83016630,9957021,2326-6287,Louisiana,Orleans,New Orleans,"29.9517634, -90.0746168",https://www.loc.gov/item/sn83016630/?st=calendar,36,1870-12-18,1871-05-07,TRUE,English,African American
"The Loyal Georgian (Augusta, Ga.) 1866-1867",sn82016224,9244954,2996-0231,Georgia,Richmond,Augusta,"33.472494, -81.964397",https://www.loc.gov/item/sn82016224/?st=calendar,13,1866-01-20,1867-07-06,TRUE,English,African American
"The Macon Sentinel (Macon, Ga.) 1899-19??",sn83016188,9613561,2833-664x,Georgia,Bibb,Macon,"32.8360926, -83.6316511",https://www.loc.gov/item/sn83016188/?st=calendar,1,1/27/00,1/27/00,TRUE,English,African American
"Maryville Republican (Maryville, Tenn.) 1867-187?",sn83025728,9765605,2331-026x,Tennessee,Blount,Maryville,"35.750607, -83.973082",https://www.loc.gov/item/sn83025728/?st=calendar,5,1867-11-02,1876-10-07,TRUE,English,African American
"Maryville Republican (Maryville, Tenn.) 187?-1877",sn96091618,35070847,2331-3196,Tennessee,Blount,Maryville,"35.750607, -83.973082",https://www.loc.gov/item/sn96091618/?st=calendar,4,1876-08-05,1877-10-27,TRUE,English,African American
"The McDowell Times (Keystone, W. Va.) 1904-1941",sn86092050,13032822,2640-3471,West Virginia,McDowell,Keystone,"37.4156027, -81.4503191",https://www.loc.gov/item/sn86092050/?st=calendar,534,5/9/13,11/28/41,TRUE,English,African American
"Metropolis Weekly Gazette (Metropolis, Ill.) 1???-19??",sn89080007,22355720,2694-121x,Illinois,Massac County,Metropolis,"37.151109, -88.731876",https://www.loc.gov/item/sn89080007/?st=calendar,426,7/21/11,12/22/22,TRUE,English,African American
"Metropolitan News (Chicago, Ill.) 1935-19??",sn91055359,23942530,2694-1244,Illinois,Cook County,Chicago,"41.883229, -87.632398",https://www.loc.gov/item/sn91055359/?st=calendar,12,5/7/35,2/27/37,TRUE,English,African American
"The Miami Times (Miami, Fla.) 1923-Current",sn83004231,2264129,0739-0319,Florida,Dade,Miami,"25.775084, -80.194702",https://www.loc.gov/item/sn83004231/?st=calendar,387,10/23/48,12/28/57,TRUE,English,African American
"The Michigan Chronicle (Detroit, Mich.) 1936-Current",sn83045324,2264134,1949-9620,Michigan,Wayne,Detroit,"42.3329407, -83.0478365",https://www.loc.gov/item/sn83045324/?st=calendar,227,1/14/39,12/29/45,TRUE,English,African American
"The Midland Express (Boydton, Va.) 1891-189?",sn86058060,13352245,2837-3081,Virginia,Mecklenburg,Boydton,"36.667418, -78.39007",https://www.loc.gov/item/sn86058060/?st=calendar,1,1893-03-03,1893-03-03,TRUE,English,African American
"The Minneapolis Observer (Minneapolis, Minn.) 1890-1???",sn86058064,13353485,2996-3265,Minnesota,Hennepin,Minneapolis,"44.9774859, -93.2643669",https://www.loc.gov/item/sn86058064/?st=calendar,6,1890-08-16,1890-09-27,TRUE,English,African American
"Minneapolis Spokesman (Minneapolis, Minn.) 1934-2000",sn83025247,1715036,2835-0960,Minnesota,Hennepin,Minneapolis,"44.9774859, -93.2643669",https://www.loc.gov/item/sn83025247/?st=calendar,1521,8/10/34,12/26/63,TRUE,English,African American
Mirror of the Times (San Francisco [Calif.]) 1857-1862,sn83027100,10103020,2995-6455,California,San Francisco,San Francisco,"37.7800771, -122.4201615",https://www.loc.gov/item/sn83027100/?st=calendar,1,1857-12-12,1857-12-12,TRUE,English,African American
"Missionary Record (Charleston, S.C.) 1868-1879",sn83025781,9797551,2165-9419,South Carolina,Charleston,Charleston,"32.77647, -79.931027",https://www.loc.gov/item/sn83025781/?st=calendar,3,1873-07-05,1876-04-01,TRUE,English,African American
"The Mississippi Enterprise (Jackson, Miss.) 1938-Current",sn87065258,15339733,2765-9739,Mississippi,Hinds,Jackson,"32.302897, -90.183488",https://www.loc.gov/item/sn87065258/?st=calendar,503,8/15/42,10/19/63,TRUE,English,African American
"The Missouri Messenger (Macon ; Kansas City, Mo.) 1894-1900",sn83025493,9529249,2835-6292,Missouri,"Macon, Jackson","Macon, Kansas City","39.099792, -94.578559",https://www.loc.gov/item/sn83025493/?st=calendar,1,1/26/00,1/26/00,TRUE,English,African American
"The Monitor (Omaha, Neb.) 1915-1928",225879,45351894,2768-5535,Nebraska,Douglas,Omaha,"41.258652, -95.937195",https://www.loc.gov/item/00225879/?st=calendar,683,7/3/15,11/30/28,TRUE,English,African American
"The Montana Plaindealer (Helena, Mont.) 1906-1911",sn84036199,11254801,2329-552x,Montana,Lewis and Clark,Helena,"46.5910708, -112.0203973",https://www.loc.gov/item/sn84036199/?st=calendar,125,3/16/06,9/8/11,TRUE,English,African American
"The Montgomery Enterprise (Montgomery, Ala.) 1898-1???",sn83025485,9526435,2835-6454,Alabama,Montgomery,Montgomery,"32.376542, -86.2996608",https://www.loc.gov/item/sn83025485/?st=calendar,1,1/26/00,1/26/00,TRUE,English,African American
"The Muskogee Cimeter (Muskogee, Indian Territory, Okla.) 1901-19??",sn83025060,9228536,2158-8937,Oklahoma,Muskogee,Muskogee,"35.747864, -95.369421",https://www.loc.gov/item/sn83025060/?st=calendar,326,6/2/04,8/27/20,TRUE,English,African American
"The N.C. Republican, and Civil Rights Advocate (Weldon, N.C.) 1884-1???",sn83025842,9839433,2835-8686,North Carolina,Halifax,Weldon,"36.4261056, -77.5960886",https://www.loc.gov/item/sn83025842/?st=calendar,1,1884-05-22,1884-05-22,TRUE,English,African American
"The Nashville Globe (Nashville, Tenn.) 1906-193?",sn86064259,13744970,2373-4892,Tennessee,Davidson,Nashville,"36.1663493, -86.7790541",https://www.loc.gov/item/sn86064259/?st=calendar,461,1/11/07,12/27/18,TRUE,English,African American
"National Baptist World (Wichita, Kan.) 1894-1894",sn84025833,10372518,2837-0414,Kansas,Sedgwick,Wichita,"37.6860234, -97.335571",https://www.loc.gov/item/sn84025833/?st=calendar,13,1894-08-31,1894-11-23,TRUE,English,African American
The National Era (Washington [D.C.]) 1847-1860,sn84026752,10642039,2471-5301,District of Columbia,,Washington,"38.8920621, -77.0199124",https://www.loc.gov/item/sn84026752/?st=calendar,531,1850-01-03,1860-03-15,TRUE,English,African American
"The National Forum (Washington, D.C.) 1910-19??",sn82015056,8797812,1940-7327,District of Columbia,,Washington,"38.8920621, -77.0199124",https://www.loc.gov/item/sn82015056/?st=calendar,17,5/28/10,11/12/10,TRUE,English,African American
"The National Leader (Washington, D.C.) 1888-1889",sn84025834,10373249,2995-8962,District of Columbia,,Washington,"38.8920621, -77.0199124",https://www.loc.gov/item/sn84025834/?st=calendar,29,1888-12-08,1889-09-28,TRUE,English,African American
"The National Pilot (Petersburg, Va.) 1886-19??",sn84025813,10328978,2836-5941,Virginia,,Petersburg,"37.205498, -77.387642",https://www.loc.gov/item/sn84025813/?st=calendar,1,2/1/00,2/1/00,TRUE,English,African American
"The National Reflector (Wichita, Kan.) 1895-1898",sn85032590,12617059,,Kansas,Sedgwick,Wichita,"37.6860234, -97.335571",https://www.loc.gov/item/sn85032590/?st=calendar,85,1895-12-07,1897-12-25,TRUE,English,African American
"National Savings Bank (Washington, D.C.) 1868-18?? [Online Resource]",sn96027351,"904283370, 34135980",,District of Columbia,,Washington,"38.8920621, -77.0199124",https://www.loc.gov/item/sn96027351/?st=calendar,2,1868-01-01,1868-06-01,TRUE,English,African American
"The Negro Appeal (Baltimore ; Annapolis, Md.) 1899-19??",sn84025821,10337773,2836-9017,Maryland,Anne Arundel,"Baltimore, Annapolis","38.97829, -76.495683",https://www.loc.gov/item/sn84025821/?st=calendar,1,2/16/00,2/16/00,TRUE,English,African American
"Negro World (Knoxville, Tenn.) 1888-1???",sn83025753,9775485,2835-8473,Tennessee,Knox,Knoxville,"35.9626444, -83.9167239",https://www.loc.gov/item/sn83025753/?st=calendar,1,1891-02-28,1891-02-28,TRUE,English,African American
"The Negro World (St. Paul, Minn. ; Minneapolis, Minn.) 1892-19??",sn86058057,13351538,2996-329x,Minnesota,"Ramsey, Hennepin","Saint Paul, Minneapolis","44.9774859, -93.2643669",https://www.loc.gov/item/sn86058057/?st=calendar,14,1892-07-23,6/9/00,TRUE,English,African American
"The New Age (Portland, Or.) 1896-1905",sn83025107,9272181,2996-6493,Oregon,Multnomah,Portland,"45.516018, -122.681425",https://www.loc.gov/item/sn83025107/?st=calendar,51,12/23/05,3/30/07,TRUE,English,African American
"The New Age (Butte, Mont.) 1902-190?",sn84036148,11076647,2326-9650,Montana,Silver Bow,Butte,"46.01284, -112.535583",https://www.loc.gov/item/sn84036148/?st=calendar,36,5/30/02,2/7/03,TRUE,English,African American
"New England Bulletin (Hartford, Conn.) 1949-19??",sn92051343,26273342,2643-5004,Connecticut,Hartford,Hartford,"41.765775, -72.673356",https://www.loc.gov/item/sn92051343/?st=calendar,16,3/26/49,7/9/49,TRUE,English,African American
"New Era (Washington, D.C.) 1870-1870",sn84024437,10931292,2471-6316,District of Columbia,,Washington,"38.8920621, -77.0199124",https://www.loc.gov/item/sn84024437/?st=calendar,34,1870-01-13,1870-09-01,TRUE,English,African American
"New National Era (Washington, D.C.) 1870-1874",sn84026753,10641996,2471-6340,District of Columbia,,Washington,"38.8920621, -77.0199124",https://www.loc.gov/item/sn84026753/?st=calendar,422,1870-09-08,1874-10-22,TRUE,English,African American
New Orleans Daily Creole (New Orleans [La.]) 1856-18??,sn84025908,10652777,2997-6820,Louisiana,Orleans,New Orleans,"29.9517634, -90.0746168",https://www.loc.gov/item/sn84025908/?st=calendar,156,1856-07-01,1857-01-10,TRUE,English,African American
New Orleans Tribune (New Orleans [La.]) 1864-187?,sn83016710,9998448,2997-6936,Louisiana,Orleans,New Orleans,"29.9517634, -90.0746168",https://www.loc.gov/item/sn83016710/?st=calendar,678,1864-07-21,1869-02-28,TRUE,"English, French",African American
The New York Age (New York [N.Y.]) 1887-1953,sn83030005,9274417,2998-1379,New York,New York,New York,"40.7130466, -74.0072301",https://www.loc.gov/item/sn83030005/?st=calendar,231,1887-10-15,1/4/00,TRUE,English,African American
The New York Freeman (New York [N.Y.]) 1884-1887,sn83027102,10126322,2996-6388,New York,New York,New York,"40.7130466, -74.0072301",https://www.loc.gov/item/sn83027102/?st=calendar,146,1884-12-13,1887-10-08,TRUE,English,African American
"The New York Globe (New York, N.Y.) 1880-1884",sn83027106,10154100,2998-1484,New York,New York,New York,"40.7130466, -74.0072301",https://www.loc.gov/item/sn83027106/?st=calendar,90,1883-01-06,1884-11-08,TRUE,English,African American
"The Nicodemus Cyclone (Nicodemus, Graham County, Kan.) 1887-1888",sn84030038,11364750,2994-8800,Kansas,Graham,Nicodemus,"39.3940036, -99.6157905",https://www.loc.gov/item/sn84030038/?st=calendar,30,1887-12-30,1888-09-07,TRUE,English,African American
"The Nicodemus Enterprise (Nicodemus, Kan.) 1887-1887",sn84030037,11364657,2994-8827,Kansas,Graham,Nicodemus,"39.3940036, -99.6157905",https://www.loc.gov/item/sn84030037/?st=calendar,13,1887-08-17,1887-12-23,TRUE,English,African American
"North Carolina Gazette (Raleigh, N.C.) 1885-18??",sn92073076,25959539,2475-0638,North Carolina,Wake,Raleigh,"35.7813033, -78.6416795",https://www.loc.gov/item/sn92073076/?st=calendar,1,1885-09-26,1885-09-26,TRUE,English,African American
"North Carolina Republican (Raleigh, N.C.) 1879-1880",sn85038643,12862727,2474-4492,North Carolina,Wake,Raleigh,"35.7813033, -78.6416795",https://www.loc.gov/item/sn85038643/?st=calendar,4,1880-03-19,1880-11-12,,English,African American
"The North Star (Rochester, N.Y.) 1847-1851",sn84026365,10426469,,New York,Monroe,Rochester,"43.155708, -77.612547",https://www.loc.gov/item/sn84026365/?st=calendar,137,1847-12-03,1851-04-17,,English,African American
"The Northern Star and Freemen's Advocate (Albany, N.Y.) 1842-18??",sn83027104,10126298,2996-640x,New York,Albany,Albany,"42.651725, -73.755093",https://www.loc.gov/item/sn83027104/?st=calendar,11,1842-02-03,1843-01-02,TRUE,English,African American
"The Northwest Enterprise (Seattle, Wash.) 1931-1952",sn87093377,17273999,2831-6029,Washington,King,Seattle,"47.603229, -122.33028",https://www.loc.gov/item/sn87093377/?st=calendar,1037,1/1/31,4/4/52,TRUE,English,African American
"The Northwestern Bulletin (St. Paul, Minn. ; Minneapolis, Minn.) 1922-1924",sn90060931,1764889,2694-5576,Minnesota,"Ramsey, Hennepin","Saint Paul, Minneapolis","44.9774859, -93.2643669",https://www.loc.gov/item/sn90060931/?st=calendar,96,3/11/22,1/5/24,TRUE,English,African American
"The Northwestern Bulletin-Appeal (St. Paul, Minn. ; Minneapolis, Minn.) 1924-1925",sn90060932,1716490,2694-5622,Minnesota,"Ramsey, Hennepin","Saint Paul, Minneapolis","44.9774859, -93.2643669",https://www.loc.gov/item/sn90060932/?st=calendar,74,1/12/24,8/15/25,TRUE,English,African American
"The Northwestern Recorder (Milwaukee, Wis.) 1892-1893",sn84025845,10435741,2643-3788,Wisconsin,Milwaukee,Milwaukee,"43.041072, -87.909421",https://www.loc.gov/item/sn84025845/?st=calendar,4,1892-12-03,1893-03-01,TRUE,English,African American
"Oakland Sunshine (Oakland, Calif.) 189?-19??",sn84025837,10384635,2995-6498,California,Alameda,Oakland,"37.804828, -122.27248",https://www.loc.gov/item/sn84025837/?st=calendar,27,3/20/15,2/25/22,TRUE,English,African American
"The Observer (Baton Rouge, La.) 1899-1900",sn83016560,9907976,2835-0707,Louisiana,East Baton Rouge,Baton Rouge,"30.443319, -91.187488",https://www.loc.gov/item/sn83016560/?st=calendar,1,1/13/00,1/13/00,TRUE,English,African American
"Odd Fellows' Journal (Philadelphia, Pa.) 1897-19??",sn83027089,9891050,2835-8953,Pennsylvania,Philadelphia,Philadelphia,"39.9510605, -75.1656204",https://www.loc.gov/item/sn83027089/?st=calendar,1,1/11/00,1/11/00,TRUE,English,African American
"The Ohio Daily-Express (Dayton, Ohio) 1946-1950",sn88077226,17538519,2766-7529,Ohio,Montgomery,Dayton,"39.760982, -84.192203",https://www.loc.gov/item/sn88077226/?st=calendar,664,11/1/47,11/15/50,TRUE,English,African American
"The Ohio Falls Express (Louisville, Ky.) 1878-19??",sn84025830,10372187,2996-055x,Kentucky,Jefferson,Louisville,"38.256078, -85.751569",https://www.loc.gov/item/sn84025830/?st=calendar,1,1891-07-11,1891-07-11,TRUE,English,African American
"Ohio Standard and Observer (Xenia, Ohio ; Wilberforce, Ohio) 1897-19??",sn84025822,10347100,2836-9033,Ohio,Greene,"Xenia, Wilberforce","39.717167, -83.882919",https://www.loc.gov/item/sn84025822/?st=calendar,1,1/27/00,1/27/00,TRUE,English,African American
"Oil City Afro-American (Corsicana, Tex.) 1898-19??",sn83026367,9843592,2835-8643,Texas,Navarro,Corsicana,"32.08492, -96.464976",https://www.loc.gov/item/sn83026367/?st=calendar,1,1/27/00,1/27/00,TRUE,English,African American
"The Omaha Guide (Omaha, Neb.) 1927-19??",sn93062828,27322162,2768-587x,Nebraska,Douglas,Omaha,"41.258652, -95.937195",https://www.loc.gov/item/sn93062828/?st=calendar,863,7/16/32,3/15/58,TRUE,English,African American
"Omaha Monitor (Omaha, Nebraska) 1928-????",2019270506,"1088506199, n1088506199",2996-4180,Nebraska,Douglas,Omaha,"41.258652, -95.937195",https://www.loc.gov/item/2019270506/?st=calendar,6,12/7/28,1/11/29,TRUE,English,African American
"The Pacific Appeal (San Francisco, Cal.) 1862-188?",sn83027099,2265603,2835-9682,California,San Francisco,San Francisco,"37.7800771, -122.4201615",https://www.loc.gov/item/sn83027099/?st=calendar,1,1875-04-24,1875-04-24,TRUE,English,African American
"The Palladium (St. Louis, Mo.) 18??-1903",sn84020234,10494666,2994-0370,Missouri,,Saint Louis,"38.635355, -90.2009855",https://www.loc.gov/item/sn84020234/?st=calendar,21,1/10/03,5/30/03,,English,African American
"The Parsons Weekly Blade (Parsons, Labette County, Kan.) 1892-19??",sn84025818,10337751,2836-886x,Kansas,Labette,Parsons,"37.340499, -95.259188",https://www.loc.gov/item/sn84025818/?st=calendar,1,1/26/00,1/26/00,TRUE,English,African American
"Paul Quinn Weekly (Waco, Texas) 1???-19??",sn83025787,9839507,2835-8589,Texas,McLennan,Waco,"31.5568251, -97.1300219",https://www.loc.gov/item/sn83025787/?st=calendar,1,1/27/00,1/27/00,TRUE,English,African American
"The People's Advocate (Alexandria, Va.; Washington, D.C) 1876-188?",sn84025894,10587978,,Virginia,,"Alexandria, Washington","38.8920621, -77.0199124",https://www.loc.gov/item/sn84025894/?st=calendar,226,1876-04-22,1884-04-12,TRUE,English,African American
"The People's Advocate (Alexandria, Va.; Washington, D.C) 1876-188?",sn84025894,10587978,,District of Columbia,,"Alexandria, Washington","38.8920621, -77.0199124",https://www.loc.gov/item/sn84025894/?st=calendar,226,1876-04-22,1884-04-12,TRUE,English,African American
"The People's Friend (Wichita, Kan.) 1894-1896",sn84025836,10380169,2837-0457,Kansas,"Sedgwick, Shawnee","Wichita, Topeka","39.050976, -95.670433",https://www.loc.gov/item/sn84025836/?st=calendar,19,1894-05-24,1896-12-11,TRUE,English,African American
"The People's Recorder (Columbia, S.C.) 1893-1925",sn83025797,9804805,2166-1731,South Carolina,"Richland, Union, Orangeburg","Columbia, Union, Orangeburg","33.487414, -80.863927",https://www.loc.gov/item/sn83025797/?st=calendar,6,1898-03-19,9/11/09,TRUE,English,African American
"The Peoples' Advocate (New-Berne [New Bern], N.C.) 1886-188?",sn84025895,10587961,2766-6786,North Carolina,Craven,New Bern,"35.1083707, -77.0460315",https://www.loc.gov/item/sn84025895/?st=calendar,1,1886-07-31,1886-07-31,,English,African American
"The Phoenix Index (Phoenix, Ariz.) 193?-19??",sn96060866,35591812,2692-7705,Arizona,Maricopa,Phoenix,"33.448204, -112.0725848",https://www.loc.gov/item/sn96060866/?st=calendar,120,8/12/39,8/29/42,TRUE,English,African American
"Phoenix Tribune (Phoenix, Ariz.) 1918-193?",sn96060881,35642959,2692-773x,Arizona,Maricopa,Phoenix,"33.448204, -112.0725848",https://www.loc.gov/item/sn96060881/?st=calendar,284,8/3/18,3/1/31,TRUE,English,African American
"Pine Bluff Weekly Herald (Pine Bluff, Ark.) 1900-19??",sn84020671,4054417,2833-1958,Arkansas,Jefferson,Pine Bluff,"34.221586, -92.002005",https://www.loc.gov/item/sn84020671/?st=calendar,1,1/27/00,1/27/00,TRUE,English,African American
"Pioneer Press (Martinsburg, W. Va.) 1882-19??",sn83025146,9285482,2640-3714,West Virginia,Berkeley,Martinsburg,"39.456216, -77.963914",https://www.loc.gov/item/sn83025146/?st=calendar,330,1884-09-01,9/22/17,TRUE,English,African American
"The Plaindealer (Topeka, Kan.) 1899-1900",sn84025820,10337694,2836-8932,Kansas,Shawnee,Topeka,"39.050976, -95.670433",https://www.loc.gov/item/sn84025820/?st=calendar,1,1/26/00,1/26/00,TRUE,English,African American
"The Plaindealer (Detroit, Mich.) 1883-1895",sn83016683,9975654,2997-7703,Michigan,"Wayne, Hamilton","Detroit, Cincinnati","39.12711, -84.51439",https://www.loc.gov/item/sn83016683/?st=calendar,191,1889-09-20,1893-05-19,TRUE,English,African American
"The Plaindealer (Detroit, Mich.) 1883-1895",sn83016683,9975654,2997-7703,Ohio,"Wayne, Hamilton","Detroit, Cincinnati","39.12711, -84.51439",https://www.loc.gov/item/sn83016683/?st=calendar,191,1889-09-20,1893-05-19,TRUE,English,African American
"The Professional World (Columbia, Mo.) 1901-192?",sn89066321,19566406,2326-8530,Missouri,"Boone, Cole","Columbia, Jefferson City","38.576911, -92.174868",https://www.loc.gov/item/sn89066321/?st=calendar,103,11/1/01,12/25/03,TRUE,English,African American
"The Progress (Omaha, Neb.) 1889-19??",sn83025331,9396461,2835-4524,Nebraska,Douglas,Omaha,"41.258652, -95.937195",https://www.loc.gov/item/sn83025331/?st=calendar,5,1890-03-22,1/26/00,TRUE,English,African American
"The Race Standard (Baltimore, Md.) 18??-1???",sn83016481,9864898,2996-0614,Maryland,,Baltimore,"39.290443, -76.612333",https://www.loc.gov/item/sn83016481/?st=calendar,2,1897-01-02,1897-01-16,TRUE,English,African American
The Ram's Horn (New York [N.Y.]) 1847-1848,sn84025829,10372036,2837-0368,New York,New York,New York,"40.7130466, -74.0072301",https://www.loc.gov/item/sn84025829/?st=calendar,1,1847-11-05,1847-11-05,TRUE,English,African American
"The Recorder (Indianapolis, Ind.) 1897-1910",sn84025902,10645111,2997-5875,Indiana,Marion,Indianapolis,"39.76845, -86.156212",https://www.loc.gov/item/sn84025902/?st=calendar,104,1899-01-07,12/29/00,TRUE,English,African American
"The Reformer (Richmond, Va.) 1895-19??",sn84025814,10328985,2836-6743,Virginia,Henrico,Richmond,"37.540759, -77.433932",https://www.loc.gov/item/sn84025814/?st=calendar,2,1/27/00,1/28/05,TRUE,English,African American
"The Reminder (Stamps, Arkansas) 1913-????",2023218545,"1375105998, n1375105998",2997-5409,Arkansas,Lafayette,Stamps,"33.35952, -93.493854",https://www.loc.gov/item/2023218545/?st=calendar,1,5/10/13,5/10/13,TRUE,English,African American
"The Reporter (Helena, Ark.) 1891-1907",sn83025486,9526584,2833-1761,Arkansas,Phillips,Helena,"34.529166, -90.591242",https://www.loc.gov/item/sn83025486/?st=calendar,1,2/1/00,2/1/00,TRUE,English,African American
"The Republican (Seattle, Wash.) 1894-1???",sn87093448,17291866,2158-4702,Washington,King,Seattle,"47.603229, -122.33028",https://www.loc.gov/item/sn87093448/?st=calendar,2,1896-08-22,1898-06-17,TRUE,English,African American
"The Republican Courier (New Orleans, La.) 1899-1900",sn83016564,9908251,2835-0812,Louisiana,Orleans,New Orleans,"29.9517634, -90.0746168",https://www.loc.gov/item/sn83016564/?st=calendar,3,1899-12-02,1/27/00,TRUE,English,African American
"The Republican (Maryville, Tenn.) 187?-187?",sn85042543,12634479,2331-3021,Tennessee,Blount,Maryville,"35.750607, -83.973082",https://www.loc.gov/item/sn85042543/?st=calendar,10,1873-01-04,1875-03-06,TRUE,English,African American
"Richmond Planet (Richmond, Va.) 1883-1938",sn84025841,10412790,2151-4011,Virginia,,Richmond,"37.540759, -77.433932",https://www.loc.gov/item/sn84025841/?st=calendar,1523,1885-02-21,12/27/30,TRUE,English,African American
The Rights of All (New-York [N.Y.]) 1829-18??,sn83027094,10000851,2835-9593,New York,New York,New York,"40.7130466, -74.0072301",https://www.loc.gov/item/sn83027094/?st=calendar,5,1829-05-29,1829-10-09,TRUE,English,African American
"The Rising Son (Kansas City, Mo.) 1896-19??",sn83025494,9529310,2165-929x,Missouri,Jackson,Kansas City,"39.099792, -94.578559",https://www.loc.gov/item/sn83025494/?st=calendar,195,1/27/00,12/28/07,TRUE,English,African American
"The Robbins Eagle (Robbins, Ill.) 1951-1963",sn2008060212,"190785720, n190785720",2694-1260,Illinois,Cook County,Robbins,"41.644236, -87.70265",https://www.loc.gov/item/sn2008060212/?st=calendar,161,3/3/51,6/15/63,TRUE,English,African American
"The Rock Hill Messenger (Rock Hill, S.C.) 1896-1921",sn83025796,9804719,2166-1723,South Carolina,York,Rock Hill,"34.941355, -81.0300374",https://www.loc.gov/item/sn83025796/?st=calendar,1,1/26/00,1/26/00,TRUE,English,African American
"The Saint Paul Sun (St. Paul, Minn.) 1941-1976",sn84025909,1714837,,Minnesota,Ramsey,Saint Paul,"44.943719, -93.094281",https://www.loc.gov/item/sn84025909/?st=calendar,636,10/11/51,12/26/63,TRUE,English,African American
"San Francisco Vindicator (San Francisco, Cal.) 1884-1???",sn84025838,10384695,2994-6077,California,San Francisco,San Francisco,"37.7800771, -122.4201615",https://www.loc.gov/item/sn84025838/?st=calendar,9,1887-05-02,1889-02-16,TRUE,English,African American
"The Savannah Tribune (Savannah [Ga.]; Savannah, Ga.) 1876-1960",sn84020323,8107226,2768-6604,Georgia,Chatham,Savannah,"32.0806102, -81.0900966",https://www.loc.gov/item/sn84020323/?st=calendar,110,1886-10-23,11/15/13,TRUE,English,African American
"Savannah Weekly Echo (Savannah, Ga.) 1879-1884",sn83016195,9618146,2833-6801,Georgia,Chatham,Savannah,"32.0806102, -81.0900966",https://www.loc.gov/item/sn83016195/?st=calendar,5,1883-08-26,1884-02-10,TRUE,English,African American
"The Seattle Enterprise (Seattle, Wash.) 1920-192?",sn87093376,17273985,2831-5979,Washington,King,Seattle,"47.603229, -122.33028",https://www.loc.gov/item/sn87093376/?st=calendar,1,5/14/21,5/14/21,TRUE,English,African American
"The Seattle Republican (Seattle, Wash.) 1???-1915",sn84025811,10328970,2157-3271,Washington,King,Seattle,"47.603229, -122.33028",https://www.loc.gov/item/sn84025811/?st=calendar,690,1/19/00,5/2/13,TRUE,English,African American
"The Sedalia Times (Sedalia, Mo.) 1894-1905",sn84020293,10561127,2997-8483,Missouri,Pettis,Sedalia,"38.704529, -93.236542",https://www.loc.gov/item/sn84020293/?st=calendar,92,8/31/01,2/4/05,TRUE,English,African American
"Sedalia Weekly Conservator (Sedalia, Mo.) 1903-1909",sn89067598,20842253,2166-8264,Missouri,Pettis,Sedalia,"38.704529, -93.236542",https://www.loc.gov/item/sn89067598/?st=calendar,238,5/8/03,9/21/08,TRUE,English,African American
"Semi-Weekly Louisianian (New Orleans, La.) 1871-1872",sn83016631,9957091,2326-6309,Louisiana,Orleans,New Orleans,"29.9517634, -90.0746168",https://www.loc.gov/item/sn83016631/?st=calendar,80,1871-05-11,1872-02-25,TRUE,English,African American
"The Sentinel (Trenton, N.J.) 1880-1882",sn84026314,10388917,2996-5519,New Jersey,Mercer,Trenton,"40.2205724, -74.7597087",https://www.loc.gov/item/sn84026314/?st=calendar,118,1880-06-26,1882-11-13,TRUE,English,African American
"South Carolina Leader (Charleston, S.C.) 1865-18??",sn83025783,9798897,2166-1693,South Carolina,Charleston,Charleston,"32.77647, -79.931027",https://www.loc.gov/item/sn83025783/?st=calendar,27,1865-10-07,1867-03-23,TRUE,English,African American
"The Southern Advocate (Mound Bayou, Miss.) 1933-19??",sn87082832,15738677,2766-080x,Mississippi,Bolivar,Mound Bayou,"33.8784413, -90.7275769",https://www.loc.gov/item/sn87082832/?st=calendar,56,4/27/40,9/13/41,TRUE,English,African American
"The Southern Argus (Baxter Springs, Cherokee County, Kan.) 1891-1???",sn84029136,10502949,2994-8940,Kansas,"Bourbon, Cherokee","Fort Scott, Baxter Springs","37.023659, -94.735388",https://www.loc.gov/item/sn84029136/?st=calendar,33,1891-06-18,1892-02-04,TRUE,English,African American
"The Southern Indicator (Columbia, S.C.) 1903-1925",sn83025803,9810255,2166-1758,South Carolina,Richland,Columbia,"34.009286, -81.037094",https://www.loc.gov/item/sn83025803/?st=calendar,27,2/15/13,2/3/23,TRUE,English,African American
"The Southern News (Richmond, Va.) 1892-1???",sn83027098,10101960,2835-9666,Virginia,,Richmond,"37.540759, -77.433932",https://www.loc.gov/item/sn83027098/?st=calendar,1,1892-10-15,1892-10-15,TRUE,English,African American
"The Southern News (Asheville, N.C.) 1936-19??",sn98058951,41242346,2766-6840,North Carolina,"Buncombe, Mecklenburg, Greenville","Asheville, Charlotte, Greenville","34.850746, -82.398964",https://www.loc.gov/item/sn98058951/?st=calendar,24,6/11/38,4/7/62,,English,African American
"The Southern News (Asheville, N.C.) 1936-19??",sn98058951,41242346,2766-6840,South Carolina,"Buncombe, Mecklenburg, Greenville","Asheville, Charlotte, Greenville","34.850746, -82.398964",https://www.loc.gov/item/sn98058951/?st=calendar,24,6/11/38,4/7/62,,English,African American
"Southern Republican (New Orleans, La.) 1898-1907",sn83016561,9908065,2835-0723,Louisiana,Orleans,New Orleans,"29.9517634, -90.0746168",https://www.loc.gov/item/sn83016561/?st=calendar,3,1899-09-02,4/14/00,TRUE,English,African American
"The Southland Advocate (Asheville, N.C.) 19??-????",sn98058953,38214859,2766-7049,North Carolina,Buncombe,Asheville,"35.5959111, -82.5500442",https://www.loc.gov/item/sn98058953/?st=calendar,1,4/15/50,4/15/50,,English,African American
"St. Croix Avis (Christiansted, St. Croix [V.I.]) 1844-Current",sn84037526,10476288,2831-4212,Virgin Islands,"Saint Croix, Saint Thomas","Christiansted, Charlotte Amalie","18.3419, -64.9307",https://www.loc.gov/item/sn84037526/?st=calendar,16308,1865-01-03,12/31/63,TRUE,"English, Danish","African American, Caribbean"
"St. Croix Tribune (Christiansted, St. Croix, V.I.) 1922-1937",sn84037536,10486779,2996-9174,Virgin Islands,Saint Croix,Christiansted,"17.746333, -64.7037",https://www.loc.gov/item/sn84037536/?st=calendar,769,1/2/34,12/18/36,TRUE,English,"African American, Caribbean"
"St. Louis Palladium (St. Louis, Mo.) 1903-19??",sn84020235,10494741,2994-0400,Missouri,,Saint Louis,"38.635355, -90.2009855",https://www.loc.gov/item/sn84020235/?st=calendar,205,6/6/03,10/5/07,TRUE,English,African American
"The St. Paul Echo (St. Paul ; Minneapolis, Minn.) 1925-1927",sn90059272,1645574,2694-5754,Minnesota,"Ramsey, Hennepin","St. Paul, Minneapolis","44.9774859, -93.2643669",https://www.loc.gov/item/sn90059272/?st=calendar,86,11/7/25,6/25/27,TRUE,English,African American
"St. Paul Recorder (St. Paul, Minn.) 1934-2000",sn83016804,1715473,2835-0936,Minnesota,Ramsey,Saint Paul,"44.943719, -93.094281",https://www.loc.gov/item/sn83016804/?st=calendar,1502,8/10/34,12/26/63,TRUE,English,African American
"The State Capital (Springfield, Ill.) 1886-19??",sn84025827,10359771,2837-0333,Illinois,Sangamon County,Springfield,"39.79936, -89.643624",https://www.loc.gov/item/sn84025827/?st=calendar,50,1891-03-28,1899-01-13,TRUE,English,African American
"The State Journal (Harrisburg, Pa.) 1883-1885",sn83027086,9868965,2996-6515,Pennsylvania,Dauphin,Harrisburg,"40.2595933, -76.8818729",https://www.loc.gov/item/sn83027086/?st=calendar,54,1883-12-15,1885-01-24,TRUE,English,African American
"The State Ledger (Topeka, Kan.) 1894-1906",sn85067106,12800834,,Kansas,Shawnee,Topeka,"39.050976, -95.670433",https://www.loc.gov/item/sn85067106/?st=calendar,327,1895-10-18,6/16/06,TRUE,English,African American
"The Statesman (Denver, Colo.) 1889-1906",sn83025516,9542060,2577-2317,Colorado,Denver,Denver,"39.738453, -104.984853",https://www.loc.gov/item/sn83025516/?st=calendar,64,1/27/00,6/1/06,TRUE,English,African American
"Sunday Chicago Bee (Chicago, Ill.) 1925-19??",sn82015409,8807768,2769-4682,Illinois,Cook County,Chicago,"41.883229, -87.632398",https://www.loc.gov/item/sn82015409/?st=calendar,12,5/1/38,10/20/46,TRUE,English,African American
"The Tennessean (Nashville, Tenn.) 1866-1867",sn83025746,9773080,2835-7523,Tennessee,Davidson,Nashville,"36.1663493, -86.7790541",https://www.loc.gov/item/sn83025746/?st=calendar,1,1866-07-18,1866-07-18,TRUE,English,African American
"The Tennessee Star (Nashville, Tenn.) 1886-18??",sn83025747,9773331,2996-6590,Tennessee,Davidson,Nashville,"36.1663493, -86.7790541",https://www.loc.gov/item/sn83025747/?st=calendar,1,1887-11-25,1887-11-25,TRUE,English,African American
"The Times-Observer (Topeka, Kan.) 1891-1892",sn85067184,12833065,,Missouri,"Jackson, Buchanan, Shawnee","Kansas City, Saint Joseph, Topeka","39.050976, -95.670433",https://www.loc.gov/item/sn85067184/?st=calendar,45,1891-09-04,1892-09-10,TRUE,English,African American
"The Times-Observer (Topeka, Kan.) 1891-1892",sn85067184,12833065,,Kansas,"Jackson, Buchanan, Shawnee","Kansas City, Saint Joseph, Topeka","39.050976, -95.670433",https://www.loc.gov/item/sn85067184/?st=calendar,45,1891-09-04,1892-09-10,TRUE,English,African American
"The Topeka Call (Topeka, Kan.) 1891-1893",sn85032049,12833159,,Kansas,Shawnee,Topeka,"39.050976, -95.670433",https://www.loc.gov/item/sn85032049/?st=calendar,7,1893-01-01,1893-03-26,,English,African American
"The Topeka Tribune (Topeka, Kan.) 1880-1881",sn85067188,12847684,,Kansas,Shawnee,Topeka,"39.050976, -95.670433",https://www.loc.gov/item/sn85067188/?st=calendar,23,1880-06-24,1880-12-25,TRUE,English,African American
"The Torchlight Appeal (Fort Worth, Tex.) 1886-18??",sn83025816,9839428,2996-8267,Texas,Tarrant,Fort Worth,"32.749904, -97.330339",https://www.loc.gov/item/sn83025816/?st=calendar,3,1890-01-17,1890-02-22,TRUE,English,African American
"The Tribune (Roanoke, Va.) 1951-19??",sn98068351,39072118,2767-5580,Virginia,,Roanoke,"37.271133, -79.939056",https://www.loc.gov/item/sn98068351/?st=calendar,268,8/11/51,9/21/57,TRUE,English,African American
"The Tribune Independent of Michigan (Detroit, Mich.) 1933-1935",sn96076588,5998213,2577-2562,Michigan,Wayne,Detroit,"42.3329407, -83.0478365",https://www.loc.gov/item/sn96076588/?st=calendar,79,12/30/33,9/7/35,TRUE,English,African American
"The True Reformer (Littleton, N.C.) 1899-19??",sn83025849,9841956,2835-8724,North Carolina,Halifax,Littleton,"36.434851, -77.9112847",https://www.loc.gov/item/sn83025849/?st=calendar,1,7/25/00,7/25/00,TRUE,English,African American
"The Tulsa Star (Tulsa, Okla.) 1913-1921",sn86064118,13621345,2163-4866,Oklahoma,Tulsa,Tulsa,"36.155327, -95.992083",https://www.loc.gov/item/sn86064118/?st=calendar,234,4/11/13,1/29/21,TRUE,English,African American
"Twin City Observer (Minneapolis, Minn.) 1943-1976",sn83016844,1716569,,Minnesota,"Hennepin, Ramsey","Minneapolis, Saint Paul","44.943719, -93.094281",https://www.loc.gov/item/sn83016844/?st=calendar,1003,5/14/43,12/26/63,TRUE,English,African American
"Twin City Press (Little Rock, Ark.) 193?-1940",sn92050007,25133924,2995-617x,Arkansas,"Pulaski, Jefferson","Little Rock, Pine Bluff","34.221586, -92.002005",https://www.loc.gov/item/sn92050007/?st=calendar,1,6/22/40,6/22/40,TRUE,English,African American
"The Twin City Star (Minneapolis, Minn.) 1910-19??",sn90060427,1767887,2694-5827,Minnesota,Hennepin,Minneapolis,"44.9774859, -93.2643669",https://www.loc.gov/item/sn90060427/?st=calendar,399,6/2/10,1/25/19,TRUE,English,African American
The Twin-City American (Minneapolis [Minn.] ; St. Paul [Minn.]) 1899-1899,sn86058062,13353065,2996-3206,Minnesota,"Hennepin, Ramsey","Minneapolis, Saint Paul","44.943719, -93.094281",https://www.loc.gov/item/sn86058062/?st=calendar,3,1899-05-04,1899-05-18,TRUE,English,African American
"The Virginia Star (Richmond, Va.) 1877-18??",sn83027093,9973874,2835-897x,Virginia,,Richmond,"37.540759, -77.433932",https://www.loc.gov/item/sn83027093/?st=calendar,13,1877-09-08,1882-12-23,TRUE,English,African American
"The Voice (Lincoln, Nebraska) 1946-195?",2019270505,"1088505830, n1088505830",2768-5853,Nebraska,Lancaster,Lincoln,"40.813599, -96.70261",https://www.loc.gov/item/2019270505/?st=calendar,344,10/11/46,5/14/53,TRUE,English,African American
"Voice of Missions (Atlanta, Ga.) 1893-1900",sn83016234,9637716,2833-6844,Georgia,Fulton,Atlanta,"33.748547, -84.391502",https://www.loc.gov/item/sn83016234/?st=calendar,1,2/1/00,2/1/00,TRUE,English,African American
"Voice of the People (Laurel, Miss.) 19??-19??",sn89065000,19295684,2766-0974,Mississippi,Jones,Laurel,"31.6912094, -89.1298648",https://www.loc.gov/item/sn89065000/?st=calendar,8,6/14/26,10/25/26,TRUE,English,African American
"The Washington Bee (Washington, D.C.) 1884-1922",sn84025891,10587828,1940-7424,District of Columbia,,Washington,"38.8920621, -77.0199124",https://www.loc.gov/item/sn84025891/?st=calendar,996,1886-05-29,3/30/12,TRUE,English,African American
Washington Grit (Washington City [D.C.]) 1884-1884,sn84025893,10587840,,District of Columbia,,Washington,"38.8920621, -77.0199124",https://www.loc.gov/item/sn84025893/?st=calendar,36,1883-12-21,1884-10-18,TRUE,English,African American
"The Washington Tribune (Washington, D.C.) 1921-1946",sn87062236,16046622,2997-5654,District of Columbia,,Washington,"38.8920621, -77.0199124",https://www.loc.gov/item/sn87062236/?st=calendar,699,5/14/21,12/31/35,TRUE,English,African American
The Weekly Anglo-African (New York [N.Y.]) 1859-1861,sn83030179,9370610,2996-6426,New York,New York,New York,"40.7130466, -74.0072301",https://www.loc.gov/item/sn83030179/?st=calendar,52,1859-07-23,1860-07-14,TRUE,English,African American
"The Weekly Avalanche (Des Moines, Iowa) 1891-1???",sn83025195,9305358,2832-8752,Iowa,Polk,Des Moines,"41.588822, -93.620309",https://www.loc.gov/item/sn83025195/?st=calendar,1,1893-01-20,1893-01-20,TRUE,English,African American
"The Weekly Call (Topeka, Kan.) 1893-1???",sn85032048,12886332,,Kansas,Shawnee,Topeka,"39.050976, -95.670433",https://www.loc.gov/item/sn85032048/?st=calendar,213,1891-06-28,1898-10-29,TRUE,English,African American
"The Weekly Defiance (Atlanta, Ga.) 1881-1889",sn83016184,9612325,2833-6607,Georgia,Fulton,Atlanta,"33.748547, -84.391502",https://www.loc.gov/item/sn83016184/?st=calendar,2,1882-10-24,1883-02-24,TRUE,English,African American
"The Weekly Echo (Meridian, Miss.) 1931-1942",sn87065408,15716025,2765-9313,Mississippi,Lauderdale,Meridian,"32.365047, -88.703606",https://www.loc.gov/item/sn87065408/?st=calendar,163,1/6/33,1/9/42,TRUE,English,African American
"The Weekly Louisianian (New Orleans, La.) 1872-1882",sn83016632,9957300,2378-038x,Louisiana,Orleans,New Orleans,"29.9517634, -90.0746168",https://www.loc.gov/item/sn83016632/?st=calendar,285,1872-04-27,1882-06-17,TRUE,"English, French",African American
"The Weekly Loyal Georgian (Augusta, Ga.) 1867-1868",sn83027105,10129523,2996-0258,Georgia,Richmond,Augusta,"33.472494, -81.964397",https://www.loc.gov/item/sn83027105/?st=calendar,3,1867-08-10,1868-02-15,TRUE,English,African American
"The Weekly Negro World (Knoxville, Tenn.) 1887-1887",sn83025767,9773422,2996-8089,Tennessee,Knox,Knoxville,"35.9626444, -83.9167239",https://www.loc.gov/item/sn83025767/?st=calendar,1,1887-10-15,1887-10-15,TRUE,English,African American
"The Weekly Negro World (Cary, Miss.) 189?-19??",2018270512,"1059131230, n1059131230",2766-0990,Mississippi,Sharkey,Cary,"32.8079157, -90.9230147",https://www.loc.gov/item/2018270512/?st=calendar,1,4/26/02,4/26/02,TRUE,English,African American
"The Weekly Pelican (New Orleans, La.) 1886-1889",sn83016655,9961600,2997-951x,Louisiana,Orleans,New Orleans,"29.9517634, -90.0746168",https://www.loc.gov/item/sn83016655/?st=calendar,104,1886-12-04,1889-11-23,TRUE,English,African American
"The Weekly Review (New Albany, Ind.) 1881-188?",sn86058076,13351985,2833-8731,Indiana,Floyd,New Albany,"38.283507, -85.823002",https://www.loc.gov/item/sn86058076/?st=calendar,1,1881-04-16,1881-04-16,TRUE,English,African American
"The Weekly Review (Lincoln, Nebraska) 1933-19??",2019270504,"1088505567, n1088505567",2768-5810,Nebraska,Lancaster,Lincoln,"40.813599, -96.70261",https://www.loc.gov/item/2019270504/?st=calendar,8,1/12/33,3/30/33,TRUE,English,African American
"The West End News (Frederiksted, St. Croix [V.I.]) 1912-1973",sn84037548,10531620,2996-9220,Virgin Islands,Saint Croix,Frederiksted,"17.712232, -64.882585",https://www.loc.gov/item/sn84037548/?st=calendar,1305,11/23/53,12/31/63,TRUE,English,"African American, Caribbean"
"West Virginia Freeman (Parkersburg, W. Va.) 1881-1886",sn86092472,2269450,2994-9904,West Virginia,Wood,Parkersburg,"39.2635092, -81.5447564",https://www.loc.gov/item/sn86092472/?st=calendar,267,1881-02-23,1886-04-28,TRUE,English,African American
"Western Appeal (Saint Paul, Minn.) 1885-18??",sn83016811,10153837,2163-7083,Minnesota,"Ramsey, Hennepin, Cook","Saint Paul, Minneapolis, Chicago","41.883229, -87.632398",https://www.loc.gov/item/sn83016811/?st=calendar,84,1885-06-13,1888-12-29,TRUE,English,African American
"Western Appeal (Saint Paul, Minn.) 1885-18??",sn83016811,10153837,2163-7083,Illinois,"Ramsey, Hennepin, Cook","Saint Paul, Minneapolis, Chicago","41.883229, -87.632398",https://www.loc.gov/item/sn83016811/?st=calendar,84,1885-06-13,1888-12-29,TRUE,English,African American
"Western Christian Recorder (Kansas City, Kan.) 18??-1899",sn85032356,13049023,,Kansas,Wyandotte,Kansas City,"39.1127, -94.626804",https://www.loc.gov/item/sn85032356/?st=calendar,43,1898-02-26,1899-08-19,TRUE,English,African American
"Western Cyclone (Nicodemus, Kan.) 1886-1887",sn84030031,11364724,2996-0517,Kansas,Graham,Nicodemus,"39.3940036, -99.6157905",https://www.loc.gov/item/sn84030031/?st=calendar,79,1886-05-13,1887-12-16,TRUE,English,African American
"The Western Enterprise (Colorado Springs, Colo.) 1896-1912",sn83025515,9542002,2835-6470,Colorado,El Paso,Colorado Springs,"38.835224, -104.819798",https://www.loc.gov/item/sn83025515/?st=calendar,2,1/6/00,1/27/00,TRUE,English,African American
"The Western Outlook (San Francisco, Cal.) 1894-1928",sn84025815,10328990,2836-8789,California,"Alameda, San Francisco","Oakland, San Francisco","37.7800771, -122.4201615",https://www.loc.gov/item/sn84025815/?st=calendar,81,1/27/00,5/26/28,TRUE,English,African American
"The Wichita Searchlight (Wichita, Kan.) 1900-1912",sn85032585,12671281,2997-674x,Kansas,Sedgwick,Wichita,"37.6860234, -97.335571",https://www.loc.gov/item/sn85032585/?st=calendar,591,6/2/00,10/26/12,TRUE,English,African American
"The Wichita Tribune (Wichita, Kan.) 1898-1???",sn84025832,10372415,2837-0392,Kansas,Sedgwick,Wichita,"37.6860234, -97.335571",https://www.loc.gov/item/sn84025832/?st=calendar,18,1898-07-23,1899-03-04,TRUE,English,African American
"Wide-Awake (Birmingham, Ala.) 189?-1906",sn83025484,9526349,2835-642x,Alabama,Jefferson,Birmingham,"33.5228587, -86.8077052",https://www.loc.gov/item/sn83025484/?st=calendar,1,1/24/00,1/24/00,TRUE,English,African American
"Wisconsin Afro-American (Milwaukee, Wis.) 1892-1892",sn84025844,10435733,2643-3826,Wisconsin,Milwaukee,Milwaukee,"43.041072, -87.909421",https://www.loc.gov/item/sn84025844/?st=calendar,7,1892-08-13,1892-11-19,TRUE,English,African American
"The Wisconsin Weekly Advocate (Milwaukee, Wis.) 1898-19??",sn84025861,10509898,,Wisconsin,Milwaukee,Milwaukee,"43.041072, -87.909421",https://www.loc.gov/item/sn84025861/?st=calendar,391,1898-05-07,9/19/07,TRUE,English,African American
"The Wisconsin Weekly Blade (Madison, Wis.) 1916-1925",sn84025842,10462416,2768-5403,Wisconsin,Dane,Madison,"43.073926, -89.385244",https://www.loc.gov/item/sn84025842/?st=calendar,143,6/8/16,9/2/22,TRUE,English,African American
"The World (Seattle, Wash.) 1898-19??",sn84025812,10328976,2832-8582,Washington,King,Seattle,"47.603229, -122.33028",https://www.loc.gov/item/sn84025812/?st=calendar,1,1899-01-04,1899-01-04,TRUE,English,African American